id,smiles
3052,CCN(CC)C(=O)N1CCN(CC1)C
71543365,C1CC(CCC1N)NC2CC2C3=CC=CC=C3
123608,C(CC(=O)O)C(=O)CN.Cl
53340426,C1=CC=C(C=C1)N(C2=CC=CC=C2Cl)C3=NC=C(C=N3)C(=O)NCCCCCCC(=O)NO
23635314,C1COCCN1CCOC2=CC=C(C=C2)C3=CN=C(C=C3)CC(=O)NCC4=CC=CC=C4
96312,COC1=NC(=NC2=C1N=CN2C3C(C(C(O3)CO)O)O)N
57519554,CC1=C(SC2=C1N=C(N=C2N3CCOCC3)C4=CN=C(N=C4)N)CN5CCN(CC5)C(=O)C(C)C
5284616,CC1CCC2CC(C(=CC=CC=CC(CC(C(=O)C(C(C(=CC(C(=O)CC(OC(=O)C3CCCCN3C(=O)C(=O)C1(O2)O)C(C)CC4CCC(C(C4)OC)O)C)C)O)OC)C)C)C)OC
22833280,CC12C(C(=O)NC1(C(=O)O2)C(C3CCCC=C3)O)CCCl
24360,CCC1(C2=C(COC1=O)C(=O)N3CC4=CC5=CC=CC=C5N=C4C3=C2)O
4915,CC(C)NC(=O)C1=CC=C(C=C1)CNNC
5935,CN(CCCl)CCCl.Cl
657237,C1=NC2=C(N=C(N=C2N1C3C(C(C(O3)CO)O)O)F)N
9854073,CC1=C2C(C(=O)C3(C(CC4C(C3C(C(C2(C)C)(CC1OC(=O)C(C(C5=CC=CC=C5)NC(=O)OC(C)(C)C)O)O)OC(=O)C6=CC=CC=C6)(CO4)OC(=O)C)OC)C)OC
5493444,CC(C)C(CC1=CC(=C(C=C1)OC)OCCCOC)CC(C(CC(C(C)C)C(=O)NCC(C)(C)C(=O)N)O)N
444795,CC1=C(C(CCC1)(C)C)C=CC(=CC=CC(=CC(=O)O)C)C
11092,CC(=O)C1=C(C=C(C=C1)OC)O
25227436,C1CN(CCC1(C(=O)NC(CCO)C2=CC=C(C=C2)Cl)N)C3=NC=NC4=C3C=CN4
443390,COC1=C(C=C2C(=C1)CCN2C(=O)NC3=CC(=CC(=C3)C4=CN=CC=C4)F)C(F)(F)F
9703,CC(C)NC(=O)C1=CC=C(C=C1)CNNC.Cl
10368812,CC1=CC=C(C=C1)C(=O)N(CCCN)C(C2=NC3=C(C(=NS3)C)C(=O)N2CC4=CC=CC=C4)C(C)C
14052,CCC(CO)NCCNC(CC)CO
73265412,CC1C(C(C(C(O1)OC2CCC3(C4CCC5(C(CCC5(C4CCC3=C2)O)C6=COC(=O)C=C6)C)C)O)O)O
5329102,CCN(CC)CCNC(=O)C1=C(NC(=C1C)C=C2C3=C(C=CC(=C3)F)NC2=O)C
65028,CCC(CC)OC1C=C(CC(C1NC(=O)C)N)C(=O)OCC
118191391,CC1=C(C(=NN1CC2=CC=C(C=C2)C#N)C(F)(F)F)NC(=O)C3=CC(=NC4=C3C=CC(=C4)F)C(=O)N
9851692,C1CC(C(NC1)CC(=O)CN2C=NC3=CC=CC=C3C2=O)O
3121,CCCC(CCC)C(=O)O
73265348,CC1CC(=CC=CC(C(OC(=O)C(=CC(=CC(C1O)C)C)OC)C(C)C(C(C)C2(CC(C(C(O2)C(C)C)C)O)O)O)OC)C
73330445,CCCCN(CCCC)CCC(C1=C2C=CC(=CC2=C3C=C(C=C(C3=C1)Cl)Cl)C(F)(F)F)OC(=O)OC4CCCC5(C4)OC6(C7CC8CC(C7)CC6C8)OO5
9690109,C1=CC=C(C=C1)C(C2=CC=CC=C2)S(=O)CC(=O)N
16760703,CCCC(CCC)C(=O)[O-].[Na+]
25262792,CC1COCCN1C2=NC(=NC3=C2C=CC(=N3)C4=CC(=CC=C4)C(=O)NC)N5CCOCC5C
9943465,CN1C=C(C2=CC=CC=C21)C=C3C4=C(C=CC=N4)NC3=O
19493,C1C(C1N)C2=CC=CC=C2
5790,C1C(C(OC1N2C=C(C(=O)NC2=O)F)CO)O
2733526,CCC(=C(C1=CC=CC=C1)C2=CC=C(C=C2)OCCN(C)C)C3=CC=CC=C3
25150857,CN1CCCN(CC1)C2=NC3=CC(=C(C=C3C(=N2)NC4CCN(CC4)CC5=CC=CC=C5)OC)OC
4037,CC1=C(C(=C(C=C1)Cl)NC2=CC=CC=C2C(=O)O)Cl
2082,CCCSC1=CC2=C(C=C1)N=C(N2)NC(=O)OC
16126782,C1=CC=C2C=C(C=CC2=C1)SCCCCCCC(=O)NO
57004,C(CC(C(F)F)(C(=O)O)N)CN.Cl
6604870,CC#CC1(CCC2C1(CC(C3=C4CCC(=O)C=C4CCC23)C5=CC=C(C=C5)N(C)C)C)O
13109,CCC12CCC3C(C1CCC2(C#C)O)CCC4=CC(=O)CCC34
135564985,CC(C)C1=C(C=C(C(=C1)C2=NNC(=O)N2C3=CC4=C(C=C3)N(C=C4)C)O)O
151183,COC1=C(C=C(C=C1)CC2C(=O)NC(=O)S2)C(=O)NCC3=CC=C(C=C3)C(F)(F)F
9820526,CC1=CC(=O)N(C1=O)NC2=NC(=NC3=C2C(=CC=C3)OC)C4=CC=CS4
6175,C1=CN(C(=O)N=C1N)C2C(C(C(O2)CO)O)O
71386,CCCC(=O)OC1(C(CC2C1(CC(=O)C3(C2CCC4=CC(=O)C=CC43C)F)C)C)C(=O)CCl
5799,C1CN1C2=NC(=NC(=N2)N3CC3)N4CC4
60699,CCC1(C2=C(COC1=O)C(=O)N3CC4=CC5=C(C=CC(=C5CN(C)C)O)N=C4C3=C2)O.Cl
2907,C1CNP(=O)(OC1)N(CCCl)CCCl
3108,C1CCN(CC1)C2=NC(=NC3=C2N=C(N=C3N4CCCCC4)N(CCO)CCO)N(CCO)CCO
6435415,CC1(CC1C(=O)NC(=CCCCCSCC(C(=O)O)N)C(=O)O)C
4211,C1=CC=C(C(=C1)C(C2=CC=C(C=C2)Cl)C(Cl)Cl)Cl
5546,C1=CC=C(C=C1)C2=NC3=C(N=C(N=C3N=C2N)N)N
2771,CN(C)CCCC1(C2=C(CO1)C=C(C=C2)C#N)C3=CC=C(C=C3)F
73265316,CCC(=CC(C)CC=CC(=CC(C)C(=O)C(C)C(C(C)CC(=CC(=O)O)C)O)C)C=CC1C(C=CC(=O)O1)C
5352062,CC=C1C(=O)NC(C(=O)OC2CC(=O)NC(C(=O)NC(CSSCCC=C2)C(=O)N1)C(C)C)C(C)C
3949,COC1=C(C(=C(C=C1)CN2CCN(CC2)C(C3=CC=C(C=C3)F)C4=CC=C(C=C4)F)OC)OC
73265389,CC1CCCC=CC2CC(CC2C(C=CC(=O)O1)O)O
83898,CC1OC2(CN3CCC2CC3)CS1
3019,CC1=NS(=O)(=O)C2=C(N1)C=CC(=C2)Cl
448812,C1CC2C(=O)NC(CSSCCC(=O)NC(C(=O)NCC(=O)NC(C(=O)NC(C(=O)N2C1)CC3=CNC4=CC=CC=C43)CC(=O)O)CCCCN=C(N)N)C(=O)N
36462,CC1OCC2C(O1)C(C(C(O2)OC3C4COC(=O)C4C(C5=CC6=C(C=C35)OCO6)C7=CC(=C(C(=C7)OC)O)OC)O)O
107985,CC(C)C12C(O1)C3C4(O3)C5(CCC6=C(C5CC7C4(C2O)O7)COC6=O)C
5401,COC1=C(C=C2C(=C1)C(=NC(=N2)N3CCN(CC3)C(=O)C4CCCO4)N)OC
24978538,CC1(CCC(=C(C1)CN2CCN(CC2)C3=CC=C(C=C3)C(=O)NS(=O)(=O)C4=CC(=C(C=C4)NC(CCN5CCOCC5)CSC6=CC=CC=C6)S(=O)(=O)C(F)(F)F)C7=CC=C(C=C7)Cl)C
4075,C1=CC(=C(C=C1N)C(=O)O)O
6918446,CC(C)(CC1=CC2=CC=CC=C2C=C1)NCC(COC3=C(C(=CC=C3)Cl)C#N)O
54708532,C1=CC=C(C(=C1)C2=CC=C(C=C2)C3=CSC4=C3C(=C(C(=O)N4)C#N)O)O
3415,C(=O)(O)P(=O)(O)O
4746,C1CCC(CC1)C(CC2CCCCN2)C3CCCCC3
6442177,CC1CCC2CC(C(=CC=CC=CC(CC(C(=O)C(C(C(=CC(C(=O)CC(OC(=O)C3CCCCN3C(=O)C(=O)C1(O2)O)C(C)CC4CCC(C(C4)OC)OCCO)C)C)O)OC)C)C)C)OC
5311,C1=CC=C(C=C1)NC(=O)CCCCCCC(=O)NO
12314839,CC1=CC(=C(N1C2=CC=CC=C2)C)C=CC3=[N+](C4=C(C=C3)C=C(C=C4)N(C)C)C.O.O.[Cl-]
123631,COC1=C(C=C2C(=C1)N=CN=C2NC3=CC(=C(C=C3)F)Cl)OCCCN4CCOCC4
5453,C1CN1P(=S)(N2CC2)N3CC3
9927978,C1=CC(=CC=C1CC(C(=O)O)N)N(CCCl)CCCl.Cl
5566,CN1CCN(CC1)CCCN2C3=CC=CC=C3SC4=C2C=C(C=C4)C(F)(F)F
6758,CC(=C)C1CC2=C(O1)C=CC3=C2OC4COC5=CC(=C(C=C5C4C3=O)OC)OC
74989,C1CC(CCC1C2=CC=C(C=C2)Cl)C3=C(C4=CC=CC=C4C(=O)C3=O)O
73265406,CC1=C2C(C(=O)C3(C(CC4C(C3C(C(C2(C)C)(CC1OC(=O)C(C(C5=CC=CC=C5)NC(=O)OC(C)(C)C)O)O)OC(=O)C6=CC=CC=C6)(CO4)OC(=O)C)O)C)O
2585,COC1=CC=CC=C1OCCNCC(COC2=CC=CC3=C2C4=CC=CC=C4N3)O
158797,CC(C1=CC(=CC=C1)OC)NCCCC2=CC=CC=C2Cl
4248455,CCCCCCCCC1C(C(=C)C(=O)O1)C(=O)O
5426,C1CC(=O)NC(=O)C1N2C(=O)C3=CC=CC=C3C2=O
451668,C1C(C(OC1N2C=NC(=NC2=O)N)CO)O
38853,CC(CC1=CC(=C(C=C1)O)O)(C(=O)O)N
16736529,CC1=CN=C(C(=C1OC)C)CN2C=NC3=C2N=C(N=C3Cl)N
10531,CC1(C(=O)N2C(C(=O)N3CCCC3C2(O1)O)CC4=CC=CC=C4)NC(=O)C5CC6C(CC7=CNC8=CC=CC6=C78)N(C5)C
11671467,CC1(C(=O)N(C2=C(O1)C=CC(=N2)NC3=NC(=NC=C3F)NC4=CC(=C(C(=C4)OC)OC)OC)COP(=O)(O)O)C
6914273,C1C(=O)NC(=O)N1N=CC2=CC=C(O2)C3=CC=C(C=C3)[N+](=O)[O-]
5311497,CCC1=CC2CC(C3=C(CN(C2)C1)C4=CC=CC=C4N3)(C5=C(C=C6C(=C5)C78CCN9C7C(C=CC9)(C(C(C8N6C)(C(=O)OC)O)OC(=O)C)CC)OC)C(=O)OC
10090750,CCC(=C(C1=CC=C(C=C1)O)C2=CC=C(C=C2)OCCNC)C3=CC=CC=C3
156422,CC1=CC=C(C=C1)N2C(=CC(=N2)C(C)(C)C)NC(=O)NC3=CC=C(C4=CC=CC=C43)OCCN5CCOCC5
3218,CCCCCCCCCCCC1=C(C(=O)C=C(C1=O)O)O
5073,CC1=C(C(=O)N2CCCCC2=N1)CCN3CCC(CC3)C4=NOC5=C4C=CC(=C5)F
51634,CCCCN1CC(C(C(C1CO)O)O)O
34312,C1C2=CC=CC=C2N(C3=CC=CC=C3C1=O)C(=O)N
3055,C1CCN(CC1)CCCC(C2=CC=CC=C2)(C3=CC=CC=C3)O
572,C(CN(C=O)O)CP(=O)(O)O
5288382,CC1CC(C(C(C=C(C(C(C=CC=C(C(=O)NC2=CC(=O)C(=C(C1)C2=O)OC)C)OC)OC(=O)N)C)C)O)OC
11955716,CC(C)C1=CC(=C(C=C1O)O)C(=O)N2CC3=C(C2)C=C(C=C3)CN4CCN(CC4)C
2284,C1=CC(=CC=C1C(CC(=O)O)CN)Cl
135421197,C=CCC1=C(C(=CC=C1)C=NNC(=O)CN2CCN(CC2)CC3=CC=CC=C3)O
73265248,CC1(OC2COC3(C(C2O1)OC(O3)(C)C)COS(=O)(=O)N)C
4114,COC1=C2C(=CC3=C1OC=C3)C=CC(=O)O2
9570757,CN1C(=NN=N1)SCC2=C(N3C(C(C3=O)NC(=O)C(=NOC)C4=CSC(=N4)N)SC2)C(=O)O
6505803,CC1CC(C(C(C=C(C(C(C=CC=C(C(=O)NC2=CC(=O)C(=C(C1)C2=O)NCC=C)C)OC)OC(=O)N)C)C)O)OC
49867930,CC(C)(C(=O)NCC(C(F)(F)F)(F)F)C(=O)NC1C2=CC=CC=C2C3=CC=CC=C3NC1=O
5052,COC1C(CC2CN3CCC4=C(C3CC2C1C(=O)OC)NC5=C4C=CC(=C5)OC)OC(=O)C6=CC(=C(C(=C6)OC)OC)OC
46781465,C1=CN(C(=O)N=C1N)C2C(C(C(O2)CO)O)(F)F.Cl
36462,CC1OCC2C(O1)C(C(C(O2)OC3C4COC(=O)C4C(C5=CC6=C(C=C35)OCO6)C7=CC(=C(C(=C7)OC)O)OC)O)O
300471,CN(C(=S)C1=CC=CC=C1)NC(=O)CC(=O)NN(C)C(=S)C2=CC=CC=C2
3143,CC1=C2C(C(=O)C3(C(CC4C(C3C(C(C2(C)C)(CC1OC(=O)C(C(C5=CC=CC=C5)NC(=O)OC(C)(C)C)O)O)OC(=O)C6=CC=CC=C6)(CO4)OC(=O)C)O)C)O
56946894,CC(=O)NC1=C(C=CC(=C1)NC2=NC3=C(C=NN3C(=C2)NC4CC4)C#N)N(C)CCN
2353,COC1=C(C2=C[N+]3=C(C=C2C=C1)C4=CC5=C(C=C4CC3)OCO5)OC
156419,CC(C1=CC=CC2=CC=CC=C21)NCCCC3=CC(=CC=C3)C(F)(F)F
56972185,C1CNCC2=C1C(=C(S2)NC(=O)C(=O)O)C(=O)O.Cl
10297043,CCN1CCN(CC1)CC2=CC=C(C=C2)C3=CC4=C(N3)N=CN=C4NC(C)C5=CC=CC=C5
44195571,CC1(CC2=C(C(=O)C1)C(=NN2C3=CC(=C(C=C3)C(=O)N)NC4CCC(CC4)OC(=O)CN)C(F)(F)F)C
2747117,C1COC2=C(O1)C=CC(=C2)N3C(=O)NN=C3SC4=NC=C(S4)[N+](=O)[O-]
16038120,CC(C)S(=O)(=O)C1=CC=CC=C1NC2=NC(=NC=C2Cl)NC3=C(C=C(C=C3)N4CCC(CC4)N5CCN(CC5)C)OC
176871,COCCOC1=C(C=C2C(=C1)C(=NC=N2)NC3=CC=CC(=C3)C#C)OCCOC.Cl
31703,CC1C(C(CC(O1)OC2CC(CC3=C2C(=C4C(=C3O)C(=O)C5=C(C4=O)C(=CC=C5)OC)O)(C(=O)CO)O)N)O
15558393,CC1C(C(CC(O1)OC2CC(CC3=C2C(=C4C(=C3O)C(=O)C5=C(C4=O)C(=CC=C5)OC)O)(C(=O)CO)O)N)O
135398740,C1=NC2=C(N1COC(CO)CO)N=C(NC2=O)N
3117,CCN(CC)C(=S)SSC(=S)N(CC)CC
11538455,CN1C=C(C2=CC=CC=C21)CNCC3CCN(CC3)C4=NC=C(C=N4)C(=O)NO
71729975,CCOC(=O)CCNC1=CC(=NC(=N1)C2=CC=CC=N2)N3CCC4=CC=CC=C4CC3
5746,CC1=C(C(=O)C2=C(C1=O)N3CC4C(C3(C2COC(=O)N)OC)N4)N
90241673,C1CN(CC2=CC=CC=C21)CC(CNC(=O)C3=CC(=NC=N3)NC4COC4)O
5717,CC1=CC=CC=C1S(=O)(=O)NC(=O)C2=CC(=C(C=C2)CC3=CN(C4=C3C=C(C=C4)NC(=O)OC5CCCC5)C)OC
17134,COC1=C(N=CN=C1OC)NS(=O)(=O)C2=CC=C(C=C2)N
104842,CCC1=C2CN3C(=CC4=C(C3=O)COC(=O)C4(CC)O)C2=NC5=C1C=C(C=C5)O
3902,C1=CC(=CC=C1C#N)C(C2=CC=C(C=C2)C#N)N3C=NC=N3
656583,CC12CCC3C(C1CCC2O)CCC45C3(CC(=C(C4O5)O)C#N)C
19861,CN1CCC(=C2C3=CC=CC=C3CCC4=C2N=CC=C4)CC1
92727,CC1=C(C(=CC=C1)C)OCC(=O)NC(CC2=CC=CC=C2)C(CC(CC3=CC=CC=C3)NC(=O)C(C(C)C)N4CCCNC4=O)O
5287969,CN1CCC(C(C1)O)C2=C(C=C(C3=C2OC(=CC3=O)C4=CC=CC=C4Cl)O)O
56599293,COC1=C(C=CC(=C1)N2CCC(CC2)N)NC3=NC=C(C(=N3)C4=CNC5=CC=CC=C54)Cl
10369242,CC1=C(C(=NN1)C(F)(F)F)CC2=C(C3=C(S2)N(C(=O)N(C3=O)C)C(C)C)C(=O)N4CC(CO4)(C)O
122108,C1=NC(=NN1C2C(C(C(O2)COP(=O)(O)OP(=O)(O)OP(=O)(O)O)O)O)C(=O)N
158781,CCCC1=NC(=C(N1CC2=CC=C(C=C2)C3=CC=CC=C3C4=NNN=N4)C(=O)O)C(C)(C)O
449381,CCC(CC)OC1C=C(CC(C1NC(=O)C)N)C(=O)O
4674,C(CN)C(O)(P(=O)(O)O)P(=O)(O)O
11524144,C1CCN(CC1)CCOC2=CC=C(C=C2)C3=CN4C(=C(C=N4)C5=CC=NC=C5)N=C3
3406,CC1=CNN=C1
3446,C1CCC(CC1)(CC(=O)O)CN
3076,CC(=O)OC1C(SC2=CC=CC=C2N(C1=O)CCN(C)C)C3=CC=C(C=C3)OC
53340771,CC1=C(N=C(N=C1N2CCC(CC2)C3=NC4=C(CCCN4)C=C3)C)NCC(C(=O)O)NS(=O)(=O)C5=CC=C(C=C5)OC
33036,CN(C)CCC(C1=CC=C(C=C1)Cl)C2=CC=CC=N2
6436223,CC1CC(=CC=CC(C(OC(=O)C(=CC(=CC(C1O)C)C)OC)C(C)C(C(C)C2(CC(C(C(O2)C(C)C)C)O)O)O)OC)C
54675776,CC1(C2CC3C(C(=O)C(=C(C3(C(=O)C2=C(C4=C1C=CC=C4O)O)O)O)C(=O)N)N(C)C)O
2249,CC(C)NCC(COC1=CC=C(C=C1)CC(=O)N)O
25021165,C1CN(CCC1C(C2=CC3=C(C=C2)OCO3)(C4=CC5=C(C=C4)OCO5)O)C(=O)OC6=CC=C(C=C6)[N+](=O)[O-]
62886,C[N+]1(CCC2=CC(=C(C=C2C1CC3=CC(=C(C=C3)OC)OC)OC)OC)CCC(=O)OCCCCCOC(=O)CC[N+]4(CCC5=CC(=C(C=C5C4CC6=CC(=C(C=C6)OC)OC)OC)OC)C.C1=CC=C(C=C1)S(=O)(=O)[O-].C1=CC=C(C=C1)S(=O)(=O)[O-]
65948,CC1=C(C(C(=C(N1)N)C(=O)OC2CN(C2)C(C3=CC=CC=C3)C4=CC=CC=C4)C5=CC(=CC=C5)[N+](=O)[O-])C(=O)OC(C)C
5351344,COC1=C(C=C(C=C1)C=CC2=CC(=C(C(=C2)OC)OC)OC)O
135423438,CN1CCN(CC1)CC(=O)N(C)C2=CC=C(C=C2)N=C(C3=CC=CC=C3)C4=C(NC5=C4C=CC(=C5)C(=O)OC)O
3331,C1=CC=C(C=C1)C(COC(=O)N)COC(=O)N
1401,CCN(CC)CCCCNC1=NC2=NC(=C(C=C2C=N1)C3=CC(=CC(=C3)OC)OC)NC(=O)NC(C)(C)C
9651,CN1CCC23C=CC(CC2OC4=C(C=CC(=C34)C1)OC)O
44632017,COC1=CC=C(C=C1)C(=O)CC2(C3=C(C=CC(=C3NC2=O)Cl)Cl)O
65999,CCCC1=NC2=C(N1CC3=CC=C(C=C3)C4=CC=CC=C4C(=O)O)C=C(C=C2C)C5=NC6=CC=CC=C6N5C
5311068,CC1=C(C(=CC=C1)C(C)C2=CN=CN2)C
5113032,C1CC(C2=C(C1)C3=C(N2)C=CC(=C3)Cl)C(=O)N
5526,C1CC(CCC1CN)C(=O)O
126941,CN(CC1=CN=C2C(=N1)C(=NC(=N2)N)N)C3=CC=C(C=C3)C(=O)NC(CCC(=O)O)C(=O)O
24958200,C1CC(CNC1)C2=CC=C(C=C2)N3C=C4C=CC=C(C4=N3)C(=O)N
4477,C1=CC(=C(C=C1[N+](=O)[O-])Cl)NC(=O)C2=C(C=CC(=C2)Cl)O
104794,CC12CCC3C(C1CCC2NCCCCCCN4C(=O)C=CC4=O)CCC5=C3C=CC(=C5)OC
3767,C1=CN=CC=C1C(=O)NN
5578,COC1=CC(=CC(=C1OC)OC)CC2=CN=C(N=C2N)N
4121,CN1C(NC2=CC(=C(C=C2S1(=O)=O)S(=O)(=O)N)Cl)CCl
134018,CC1=C(SC(=N1)C2=CC(=C(C=C2)OCC(C)C)C#N)C(=O)O
4032,CC1(C2CCC(C2)C1(C)NC)C
4993,CCC1=C(C(=NC(=N1)N)N)C2=CC=C(C=C2)Cl
11640390,CC1(CC(C1)C2=NC(=C3N2C=CN=C3N)C4=CC5=C(C=C4)C=CC(=N5)C6=CC=CC=C6)O
3878,C1=CC(=C(C(=C1)Cl)Cl)C2=C(N=C(N=N2)N)N
5324346,COCCCCC(=NOCCN)C1=CC=C(C=C1)C(F)(F)F
36462,CC1OCC2C(O1)C(C(C(O2)OC3C4COC(=O)C4C(C5=CC6=C(C=C35)OCO6)C7=CC(=C(C(=C7)OC)O)OC)O)O
148195,C1CN(CCC1CC(=O)N2CCC(CC2)C3C4=C(CCC5=C3N=CC(=C5)Br)C=C(C=C4Br)Cl)C(=O)N
9910986,CN1CCC(C(C1)O)C2=C(C=C(C3=C2OC(=CC3=O)C4=CC=CC=C4Cl)O)O.Cl
10127622,CN1C=NC2=C1C=C(C(=C2F)NC3=C(C=C(C=C3)Br)Cl)C(=O)NOCCO
515328,C1C(C(OC1N2C=C(C(=NC2=O)N)F)CO)O
107970,CCCCCCCCC1=CC=C(C=C1)CCC(CO)(CO)N
454216,CCCCC(=O)OCC(=O)C1(CC(C2=C(C1)C(=C3C(=C2O)C(=O)C4=C(C3=O)C=CC=C4OC)O)OC5CC(C(C(O5)C)O)NC(=O)C(F)(F)F)O
58423153,C1CC(CN(C1)C2=C(C=CC=C2C3=CC=CC=C3)C=C4C(=O)NC(=O)S4)N
104865,CC(C)(C)C1=CC=C(C=C1)S(=O)(=O)NC2=C(C(=NC(=N2)C3=NC=CC=N3)OCCO)OC4=CC=CC=C4OC
4649,C1=CC(=C(C=C1N)O)C(=O)O
24066,C1CC(OC1CO)N2C=CC(=NC2=O)N
6018,CC(C)CC1CN2CCC3=CC(=C(C=C3C2CC1=O)OC)OC
11347535,CC12C(C(=O)NC1(C(=O)O2)C(C3CCCC=C3)O)CCCl
4917,CN1CCN(CC1)CCCN2C3=CC=CC=C3SC4=C2C=C(C=C4)Cl
54575456,CN(CC1=CC2=C(S1)C(=NC(=N2)C3=CN=C(C=C3)OC)N4CCOCC4)C5=NC=C(C=N5)C(=O)NO
492405,C1=C(N=C(C(=O)N1)C(=O)N)F
11364421,CCC1C(=O)N(C2=CN=C(N=C2N1C3CCCC3)NC4=C(C=C(C=C4)C(=O)NC5CCN(CC5)C)OC)C
122262,C1CN(CCN1CCCN2CCN(CC2)C3=C4C=CC(=CC4=NC=C3)Cl)C5=C6C=CC(=CC6=NC=C5)Cl
5816,CNCC(C1=CC(=C(C=C1)O)O)O
57519526,CC1CCC2C(C(OC3C24C1CCC(O3)(OO4)C)CC(=NOCC=C)C5C(C6CCC(C7C68C(O5)OC(CC7)(OO8)C)C)C)C
4369359,C1CN2C(=NN=C2C(F)(F)F)CN1C(=O)CC(CC3=CC(=C(C=C3F)F)F)N
44469321,CC1CC2=C(C3(N1)C4=C(C=CC(=C4)Cl)NC3=O)NC5=CC(=C(C=C25)F)Cl
34633,CCOC(=O)NC1=CC2=C(C=C1)SC3=CC=CC=C3N2C(=O)CCN4CCOCC4
2733,C1=CC2=C(C=C1Cl)NC(=O)O2
5351307,CC(=NNC(=S)N1CCC1)C2=CC=CC=N2
3229,CCN1C=C(C(=O)C2=CC(=C(N=C21)N3CCNCC3)F)C(=O)O
3547,C1CNCCN(C1)S(=O)(=O)C2=CC=CC3=C2C=CN=C3
521106,C1=CC=C2C(=C1)C=CC(=C2SSC3=C(C=CC4=CC=CC=C43)O)O
9894653,C1=CC(=CC=C1C2C(C(=O)N2C3=CC=C(C=C3)F)CCC(C4=CC=C(C=C4)F)O)OC5C(C(C(C(O5)C(=O)O)O)O)O
118958122,CC(C(F)(F)F)N(CC1=CC=C(C=C1)F)C(=O)CN2C(=O)C3(CCC4=C3C=CC(=C4)NC(=O)NC)OC2=O
2797,CC(C)(C(=O)O)OC1=CC=C(C=C1)Cl
5388983,CCC1(CC2CC(C3=C(CCN(C2)C1)C4=CC=CC=C4N3)(C5=C(C=C6C(=C5)C78CCN9C7C(C=CC9)(C(C(C8N6C)(C(=O)OC)O)OC(=O)C)CC)OC)C(=O)OC)O.OS(=O)(=O)O
57469,CC(C)CN1C=NC2=C1C3=CC=CC=C3N=C2N
3000518,CC1CCC2C(C(OC3C24C1CCC(O3)(OO4)C)O)C
5311340,CCC1=CC=C(C=C1)OCC2=CC=CC=C2C(=O)NC3=CC4=C(C=C(N=C4C=C3)C)N
25126798,C1CCC(C1)C(CC#N)N2C=C(C=N2)C3=C4C=CNC4=NC=N3
64139,C1CC1C#CC2(C3=C(C=CC(=C3)Cl)NC(=O)O2)C(F)(F)F
6851740,CC1=CC=C(C=C1)C(=O)N(CCCN)C(C2=NC3=C(C=CC(=C3)Cl)C(=O)N2CC4=CC=CC=C4)C(C)C
65725,C1COC(=O)N1N
120181,C1CNCCN1.O.O.O.O.O.O
5284373,CCC1C(=O)N(CC(=O)N(C(C(=O)NC(C(=O)N(C(C(=O)NC(C(=O)NC(C(=O)N(C(C(=O)N(C(C(=O)N(C(C(=O)N(C(C(=O)N1)C(C(C)CC=CC)O)C)C(C)C)C)CC(C)C)C)CC(C)C)C)C)C)CC(C)C)C)C(C)C)CC(C)C)C)C
15953832,C1CC2CC3=C(CC1C24CN(S(=O)(=O)N4)CC(F)(F)F)C=CC(=C3)C=CCN5CCC(CC5)C(F)(F)F
5494449,CC1=CC(=NN1)NC2=CC(=NC(=N2)SC3=CC=C(C=C3)NC(=O)C4CC4)N5CCN(CC5)C
24785538,CC1(CCCN1C2=NN3C=CC=C3C(=N2)NC4=NNC(=C4)C5CC5)C(=O)NC6=CN=C(C=C6)F
41684,CC(=O)OC1=CC=CC=C1C(=O)NC2=NC=C(S2)[N+](=O)[O-]
1047,C1=CN=C(C=N1)C(=O)O
5730,CC1=C(C=C(C=C1)NC(=O)C2=CC(=CC=C2)N(C)C)NC(=O)C3=CC=C(C=C3)O
36708,CCCNCC(COC1=CC=CC=C1C(=O)CCC2=CC=CC=C2)O.Cl
10047612,CC1=C2CCC(CC(C2=CC=C1)O)CN3CCC(CC3)C4=C(C=CC=C4Cl)Cl
68733,CCOC(=O)C1=C(NC(=C(C1C2=CC=CC=C2C=CC(=O)OC(C)(C)C)C(=O)OCC)C)C
1546,C1C(C(OC1N2C=NC3=C(N=C(N=C32)Cl)N)CO)O
73265194,CCC1C(C(C(N(CC(CC(C(C(C(C(C(=O)O1)C)OC2CC(C(C(O2)C)O)(C)OC)C)OC3C(C(CC(O3)C)N(C)C)O)(C)O)C)C)C)O)(C)O
2531,C1=CC(=CC=C1C(C2=CC=C(C=C2)Cl)N3C=C[N+](=C3)CC(C4=C(C=C(C=C4)Cl)Cl)OCC5=C(C=C(C=C5)Cl)Cl)Cl
11442891,CN1CCN(CC1)C2=CC=C(C=C2)C(=O)NC3=NNC4=C3CN(C4)C(=O)C(C5=CC=CC=C5)OC
11243969,C1C2CC2N(C1C#N)C(=O)C(C34CC5CC(C3)CC(C5)(C4)O)N
5070,C1=CC2=C(C=C1OC(F)(F)F)SC(=N2)N
443955,CCC12CCCN3C1C4=C(CC3)C5=CC=CC=C5N4C(=C2)C(=O)OCC
42890,CC1C(C(CC(O1)OC2CC(CC3=C2C(=C4C(=C3O)C(=O)C5=CC=CC=C5C4=O)O)(C(=O)C)O)N)O
24866313,C1CN(CC1C(=O)NC2=CC3=C(C=C2)NN=C3C4=CC=NC=C4)CC(=O)N5CCN(CC5)C6=CC=C(C=C6)C7=NC=CC=N7
208898,CCCCC1=C(C2=C(O1)C=CC(=C2)NS(=O)(=O)C)C(=O)C3=CC=C(C=C3)OCCCN(CCCC)CCCC
5282181,CC(C)CCCC(C)C1CCC2C1(CCCC2=CC=C3CC(CC(C3=C)O)O)C
57519508,CC1C(C(CC(O1)CC2=CC3=CC4=C(C(=O)C(C(C4)C(C(=O)C(C(C)O)O)OC)OC5CC(C(C(O5)C)O)OC6CC(C(C(O6)C)O)OC7CC(C(C(O7)C)O)(CO)O)C(=C3C(=C2C)O)O)OC8CC(C(C(O8)C)O)O)O
441314,C1C(C(C(C(N1CCO)CO)O)O)O
439693,C1C(C(OC1N2C=NC3=C2NC=NCC3O)CO)O
40692,C1CCNC(C1)C(C2=CC(=NC3=C2C=CC=C3C(F)(F)F)C(F)(F)F)O
10302451,CN1CCN(CC1)CCOC2=CC3=C(C(=C2)OC4CCOCC4)C(=NC=N3)NC5=C(C=CC6=C5OCO6)Cl
36314,CC1=C2C(C(=O)C3(C(CC4C(C3C(C(C2(C)C)(CC1OC(=O)C(C(C5=CC=CC=C5)NC(=O)C6=CC=CC=C6)O)O)OC(=O)C7=CC=CC=C7)(CO4)OC(=O)C)O)C)OC(=O)C
3342,CC(C1=CC(=CC=C1)OC2=CC=CC=C2)C(=O)O
73357,CC(C)CC1C(=O)NC(C(=O)N2CCCC2C(=O)NC(C(=O)NC(C(=O)NC(C(=O)NC(C(=O)N3CCCC3C(=O)NC(C(=O)NC(C(=O)N1)CCCN)C(C)C)CC4=CC=CC=C4)CC(C)C)CCCN)C(C)C)CC5=CC=CC=C5
2478,CS(=O)(=O)OCCCCOS(=O)(=O)C
5321010,CC1(CCC(C23C1C(C(C45C2CCC(C4O)C(=C)C5=O)(OC3)O)O)O)C
3385,C1=C(C(=O)NC(=O)N1)F
46239014,CN1C=C(C=N1)C2=C3N=C(C(=C(N3N=C2)N)Br)C4CCCNC4
6917864,CC1CCC2C(C(OC3C24C1CCC(O3)(OO4)C)OC(=O)CCC(=O)O)C
72092,CCCCCCCCOC1=CC=CC=C1C(=O)NC2=CC=C(C=C2)C(=O)OCC[N+](C)(CC)CC.[Br-]
73265190,CC1CC(C(OC1C2CC(C3(O2)C(C(CC(O3)C4(CCC5(O4)CC(C(C(O5)C(C)C=C(C)C(=O)C(C)CC(C)C(=O)[O-])C)O)C)OC6CCC(C(O6)C)OC)C)C)(CO)O)C.[Na+]
60648,CC1=C(SC=C1)C(=CCCN2CCCC(C2)C(=O)O)C3=C(C=CS3)C
5362420,CC1=C(C2=CC3=NC(=CC4=C(C(=C(N4)C=C5C6(C(C(=CC=C6C(=N5)C=C1N2)C(=O)OC)C(=O)OC)C)C)CCC(=O)OC)C(=C3C)CCC(=O)O)C=C
4091,CN(C)C(=N)N=C(N)N
11656518,CN1C2=C(C=C(C=C2)OC3=CC(=NC=C3)C4=NC=C(N4)C(F)(F)F)N=C1NC5=CC=C(C=C5)C(F)(F)F
3396,C1CN(CCC12C(=O)NCN2C3=CC=CC=C3)CCCC(C4=CC=C(C=C4)F)C5=CC=C(C=C5)F
119570,CCCNC1CCC2=C(C1)SC(=N2)N
38904,C1CC(C1)(C(=O)O)C(=O)O.N.N.[Pt]
10475633,CC(C)(CNC(=O)CC1CCC2(CC1)OC3(C4CC5CC(C4)CC3C5)OO2)N
16755649,CC(C)OC1=C(C=CC(=C1)OC)C2=NC(C(N2C(=O)N3CCNC(=O)C3)C4=CC=C(C=C4)Cl)C5=CC=C(C=C5)Cl
123132228,CS(=O)(=O)C1=CC=C(C=C1)C2=CN=C(N3C2=NN=C3)NCC4=CC=CO4
74990,CCC1=C2CN3C(=CC4=C(C3=O)COC(=O)C4(CC)O)C2=NC5=C1C=C(C=C5)OC(=O)N6CCC(CC6)N7CCCCC7.Cl
11338033,C1CNCCC1NC(=O)C2=C(C=NN2)NC(=O)C3=C(C=CC=C3Cl)Cl
104741,CC12CCC3C(C1CCC2O)C(CC4=C3C=CC(=C4)O)CCCCCCCCCS(=O)CCCC(C(F)(F)F)(F)F
4008,CC1=C(C(C(=C(N1)C)C(=O)OCCN2CCN(CC2)C(C3=CC=CC=C3)C4=CC=CC=C4)C5=CC(=CC=C5)[N+](=O)[O-])C(=O)OC
394397,C1=CC=C(C(=C1)C(=O)NC2=NC=C(S2)[N+](=O)[O-])O
5287620,CC1CCCC=CC2CC(CC2C(C=CC(=O)O1)O)O
9829523,CC12C(C(CC(O1)N3C4=CC=CC=C4C5=C6C(=C7C8=CC=CC=C8N2C7=C53)CNC6=O)N(C)C(=O)C9=CC=CC=C9)OC
130881,CCCC1=NC(=C(N1CC2=CC=C(C=C2)C3=CC=CC=C3C4=NNN=N4)C(=O)OCC5=C(OC(=O)O5)C)C(C)(C)O
3367,C1=NC2=C(N=C(N=C2N1C3C(C(C(O3)CO)O)O)F)N
3784,CC1=C(C(C(=C(N1)C)C(=O)OC(C)C)C2=CC=CC3=NON=C32)C(=O)OC
77082,CN1C2=C(C=C(C=C2)N(CCCl)CCCl)N=C1CCCC(=O)O.Cl
9823820,COC1=CC2=NC=CC(=C2C=C1C(=O)N)OC3=CC(=C(C=C3)NC(=O)NC4CC4)Cl
2796,CCOC(=O)C(C)(C)OC1=CC=C(C=C1)Cl
41022,CC(=O)O.C1CCNC(C1)CNC(=O)C2=C(C=CC(=C2)OCC(F)(F)F)OCC(F)(F)F
9934458,CC1=C(C=CC(=C1)SCC2=C(N=C(S2)C3=CC(=C(C=C3)C(F)(F)F)F)C)OCC(=O)O
2708,C1=CC(=CC=C1CCCC(=O)O)N(CCCl)CCCl
60198,CC12CCC3C(C1CCC2=O)CC(=C)C4=CC(=O)C=CC34C
3114,CC(C)N(CCC(C1=CC=CC=C1)(C2=CC=CC=N2)C(=O)N)C(C)C
5281091,CC(C)(C)C(C)(C1CC23CCC1(C4C25CCN(C3CC6=C5C(=C(C=C6)O)O4)CC7CC7)OC)O.Cl
53396328,C1CN(CCC1CCCCNC(=O)C=CC2=CN=CC=C2)C(=O)C3=CC=CC=C3
15983966,CC(C1=CC=CC=C1C(F)(F)F)OC2=C(SC(=C2)N3C=NC4=C3C=C(C=C4)CN5CCN(CC5)C)C(=O)N
16683013,C(C(C1C(C(O[Sb](=O)(O1)O[Sb]2(=O)OC(C(C(O2)C(=O)O)O)C(CO)O)C(=O)O)O)O)O
2165,CCN(CC)CC1=C(C=CC(=C1)NC2=C3C=CC(=CC3=NC=C2)Cl)O
5160,CN(C)CC(COC1=CC=CC=C1CCC2=CC(=CC=C2)OC)OC(=O)CCC(=O)O
63009,CNC1CCC(C2=CC=CC=C12)C3=CC(=C(C=C3)Cl)Cl.Cl
91649,CC(C)(C(=O)NC1=CC(=C(C=C1)[N+](=O)[O-])C(F)(F)F)O
5920,C1=CC(=C(C=C1OC2=C(C=C(C=C2I)CC(C(=O)O)N)I)I)O
2725,CN(C)CCC(C1=CC=C(C=C1)Cl)C2=CC=CC=N2
57519507,CC1=C(C2=CC=CC=C2N1)CCNCC3=CC=C(C=C3)C=CC(=O)NO
11960529,CC1(CCCN1)C2=NC3=C(C=CC=C3N2)C(=O)N
5284592,CCCCCCC(C)(C)C1=CC(=C2C3CC(=O)CCC3C(OC2=C1)(C)C)O
60199242,CC(C)(C1=CSC(=N1)C2=CC=C(C=C2)F)NC(=O)OC3CN4CCC3CC4
11327430,C1COCCN1C2=CC(=O)C3=C(O2)C(=CC=C3)C4=CC=CC5=C4SC6=CC=CC=C56
16681698,CC1=CC(=C(N1)C=C2C(=CC(=C3C=C4C=CC=CC4=N3)N2)OC)C.CS(=O)(=O)O
1990,CC(=O)NO
11977753,CC(C)(C#N)C1=CC=C(C=C1)N2C3=C4C=C(C=CC4=NC=C3N(C2=O)C)C5=CC6=CC=CC=C6N=C5
9852573,CC1CC(C(C(C=C(C(C(C=CC=C(C(=O)NC2=CC(=O)C(=C(C1)C2=O)NCCN(C)C)C)OC)OC(=O)N)C)C)O)OC.Cl
1361334,C1=CC(=CC(=C1)C(F)(F)F)C=C2C(=O)NC(=O)S2
11957650,C1CC1CN2CCC34C5C6=C(CC3(C2CC7=C4C(=C(C=C7)O)O5)O)C8=CC=CC=C8N6
46907787,CC1=C(SC2=C1C(=NC(C3=NN=C(N32)C)CC(=O)OC(C)(C)C)C4=CC=C(C=C4)Cl)C
3009,C(CC(C(F)F)(C(=O)O)N)CN
176167,CN1C=C(C2=CC=CC=C21)C3=C(C(=O)NC3=O)C4=CN(C5=CC=CC=C54)C6CCN(CC6)CC7=CC=CC=N7
73087,C1=CN=C(C2=C1N(C=N2)C3C=C(C(C3O)O)CO)N
5288209,CC1=C(C(CCC1)(C)C)C=CC(=CC=CC(=CC(=O)NC2=CC=C(C=C2)O)C)C
107771,COC1=NC2=C(C3=C(C=C(C=C3)Cl)N=C2C=C1)NC4=CC(=C(C(=C4)CN5CCCC5)O)CN6CCCC6
135415564,CC1C=CC=C(C(=O)NC2=C(C3=C(C4=C(C(=C3O)C)OC(C4=O)(OC=CC(C(C(C(C(C(C1O)C)O)C)OC(=O)C)C)OC)C)C5=NC6(CCN(CC6)CC(C)C)N=C25)O)C
766949,C1CCC2=C(C1)C(=C(S2)NC(=O)C3=CC=CC4=CC=CC=C43)C#N
119373,COC1=CC=CC2=C1NC3=C(C2=O)C=CC=C3C(=O)NC4=CC=C(C=C4)CCN5CCC6=CC(=C(C=C6C5)OC)OC
73013358,CC(C1=CC=C(C=C1)C(=O)NC2=C3C=CNC3=NC=C2)N.O.Cl.Cl
73265337,CCC(C(=O)N1CC(CC1CC2=C(NC3=C2C=CC(=C3)F)C4=C(C5=C(N4)C=C(C=C5)F)CC6CC(CN6C(=O)C(CC)NC(=O)C(C)NC)O)O)NC(=O)C(C)NC
7697,C1=CC(=CC=C1OCC(CO)O)Cl
86661883,CN(CCC(CSC1=CC=CC=C1)NC2=C(C=C(C=C2)S(=O)(=O)NC(=O)C3=CC=C(C=C3)N4CCC(CC4)C(C5=CC=CC=C5C6=CC=C(C=C6)Cl)O)S(=O)(=O)C(F)(F)F)CCO
457193,CC1C(C(=O)NC(C(=O)N2CCCC2C(=O)N(CC(=O)N(C(C(=O)O1)C(C)C)C)C)C(C)C)NC(=O)C3=C4C(=C(C=C3)C)OC5=C(C(=O)C(=C(C5=N4)C(=O)NC6C(OC(=O)C(N(C(=O)CN(C(=O)C7CCCN7C(=O)C(NC6=O)C(C)C)C)C)C(C)C)C)N)C
11647372,C1COCCN1C2=NC(=NC(=N2)N3C4=CC=CC=C4N=C3C(F)F)N5CCOCC5
216239,CNC(=O)C1=NC=CC(=C1)OC2=CC=C(C=C2)NC(=O)NC3=CC(=C(C=C3)Cl)C(F)(F)F
60753,CCCCCCCN(CC)CCCC(C1=CC=C(C=C1)NS(=O)(=O)C)O
56655374,CN1CCN(CC1)C2CCN(CC2)C3=CC(=C(C=C3)NC4=NC=C(C(=N4)C5=CNC6=CC=CC=C65)Cl)OC
135903606,CC1=C(C(SC1=O)(C)C=C(C)C=C)O
4493,CC1(C(=O)N(C(=O)N1)C2=CC(=C(C=C2)[N+](=O)[O-])C(F)(F)F)C
3156,CCN1CC(C(C1=O)(C2=CC=CC=C2)C3=CC=CC=C3)CCN4CCOCC4
135421197,C=CCC1=C(C(=CC=C1)C=NNC(=O)CN2CCN(CC2)CC3=CC=CC=C3)O
25249,CC12CCC3C(C1CCC2(C)O)CCC4C3(CC5=C(C4)NN=C5)C
400769,CC1(CCC2(CCC3(C(C2C1)C(=O)C=C4C3(CCC5C4(C=C(C(=O)C5(C)C)C#N)C)C)C)C(=O)OC)C
44356648,CC(C)CC(C(=O)NC(CO)C(=O)O)NC(=O)C(CCCN=C(N)N)NC(=O)C(CC(=O)O)NC(=O)CNC(=O)C(CCCCN)N
25136944,CCC1=CC2CC(C3=C(CN(C2)C1)C4=CC=CC=C4N3)(C5=C(C=C6C(=C5)C78CCN9C7C(C=CC9)(C(C(C8N6C)(C(=O)OC)O)OC(=O)C)CC)OC)C(=O)OC.C(C(C(=O)O)O)(C(=O)O)O
1069686,CCOC1=CC=C(C=C1)NC2=NC(=CS2)C3=C(N=C4N3C=CC=C4)C
49849912,CC1CCCCOC(C(CN(C(=O)C2=C(O1)C=CC(=C2)NC(=O)NC3=CC=CC=C3)C(C)CN(C)C)C)CN(C)S(=O)(=O)C4=CC=C(C=C4)F
5281078,CC1=C2COC(=O)C2=C(C(=C1OC)CC=C(C)CCC(=O)OCCN3CCOCC3)O
121858,C1=C(N(C(=N1)CO)CCO)[N+](=O)[O-]
6746983,CC1=CCCC2(C(O2)C3C(CC1)C(=C)C(=O)O3)C
447912,C1=CC=C(C=C1)S(=O)(=O)N(CC(F)(F)F)C2=CC=C(C=C2)C(C(F)(F)F)(C(F)(F)F)O
667490,C1=NC2=C(N1)C(=S)N=CN2
6135,CC(CCCN)NC1=C2C(=CC(=C1)OC)C=CC=N2.OP(=O)(O)O.OP(=O)(O)O
4909,CCC1(C(=O)NCNC1=O)C2=CC=CC=C2
25229526,C1CN(CCC1N2C3=C(C=N2)C(=NC(=N3)C4=CC5=C(C=C4)NC=C5)N6CCOCC6)CC7=CN=CC=C7
60160561,CC1=CC(=C(C(=O)N1)CNC(=O)C2=C3C=NN(C3=CC(=C2)C4=CC=C(C=C4)CN5CCOCC5)C6CCCC6)C
3955,CN(C)C(=O)C(CCN1CCC(CC1)(C2=CC=C(C=C2)Cl)O)(C3=CC=CC=C3)C4=CC=CC=C4
24199313,CCP(CC)CC.CC(=O)OCC1C(C(C(C(O1)[S-])OC(=O)C)OC(=O)C)OC(=O)C.[Au+]
54684141,CC(=C(C#N)C(=O)NC1=CC=C(C=C1)C(F)(F)F)O
5291,CC1=C(C=C(C=C1)NC(=O)C2=CC=C(C=C2)CN3CCN(CC3)C)NC4=NC=CC(=N4)C5=CN=CC=C5
446987,CC1C(O1)P(=O)(O)O
65909,CC1(C2=CC=CN2C3=CC=CC=C3CO1)CN4CCC(CC4)N5C6=CC=CC=C6NC5=O
170361,C1C2CNCC1C3=CC4=NC=CN=C4C=C23
446378,CCCCCCCC(=O)OC1C2C(=C(C1OC(=O)C(=CC)C)C)C3C(C(CC2(C)OC(=O)C)OC(=O)CCC)(C(C(=O)O3)(C)O)O
3397,CC(C)C(=O)NC1=CC(=C(C=C1)[N+](=O)[O-])C(F)(F)F
16760554,CC12CCC3C(C1CCC2O)CCC4=CC(=C(C=C34)OC)O
57519510,CC1=NC=C(C=C1)C2=NN(C=N2)C3=CC=C(C=C3)NC4=NC=CC(=N4)C5=CC(=CC=C5)N6CCOCC6
16757846,CC12C3CCC(C1(C(=O)OC2=O)C)O3
16720766,C1CC2=CC=CC=C2C1NC3=C4C=CN(C4=NC=N3)C5CC(C(C5)O)COS(=O)(=O)N
6442177,CC1CCC2CC(C(=CC=CC=CC(CC(C(=O)C(C(C(=CC(C(=O)CC(OC(=O)C3CCCCN3C(=O)C(=O)C1(O2)O)C(C)CC4CCC(C(C4)OC)OCCO)C)C)O)OC)C)C)C)OC
3034034,COC1=CC2=C(C=CN=C2C=C1)C(C3CC4CCN3CC4C=C)O
46930998,C1CC(C1)(C2=CC=C(C=C2)C3=C(C=C4C(=N3)C=CN5C4=NNC5=O)C6=CC=CC=C6)N.Cl.Cl
52913813,CC(C1=CC(=CC2=C1OC(=CC2=O)N3CCOCC3)C(=O)N(C)C)NC4=CC(=CC(=C4)F)F
54611489,CC1CC2CCC3C(=C)CC(O3)CCC45CC6C(O4)C7C(O6)C(O5)C8C(O7)CCC(O8)CC(=O)CC9C(CC(C1=C)O2)OC(C9OC)CC(CN)O.CS(=O)(=O)O
5284627,CC1(OC2COC3(C(C2O1)OC(O3)(C)C)COS(=O)(=O)N)C
73265377,COC1=C(C=C(C=C1)C=CC2=CC(=C(C(=C2)OC)OC)OC)NC(=O)C(CO)N
5479,CCS(=O)(=O)CCN1C(=NC=C1[N+](=O)[O-])C
135440466,CC1=CC(=CC2=C1N=C(N2)C3=C(C=CNC3=O)NCC(C4=CC(=CC=C4)Cl)O)N5CCOCC5
5311181,CC#CCC(C)C(C=CC1C(CC2C1CC(=CCCCC(=O)O)C2)O)O
4912,CC(C)(C)C1=CC(=CC(=C1O)C(C)(C)C)SC(C)(C)SC2=CC(=C(C(=C2)C(C)(C)C)O)C(C)(C)C
2722,C1=CC2=C(C(=C(C=C2Cl)Cl)O)N=C1
4054,CC12CC3CC(C1)(CC(C3)(C2)N)C
5568,CN(C)CCCN1C2=CC=CC=C2SC3=C1C=C(C=C3)C(F)(F)F
4891,C1CCC(CC1)C(=O)N2CC3C4=CC=CC=C4CCN3C(=O)C2
4829,CCC1=CN=C(C=C1)CCOC2=CC=C(C=C2)CC3C(=O)NC(=O)S3
73265272,C1CC1C(=O)NC2=NC=C(S2)C3=CC(=NN3C4=C(C=CC=C4Cl)Cl)C(F)F
73265230,CC1CCC2C1C(C3(CC(C2(O3)C)OC(=O)CO)C(C)C)OC(=O)C=CC4=CC=CC=C4
24756910,COC1=C(C=C2C(=C1)N=CN=C2NC3=CC=CC(=C3)C#C)OCCCCCCC(=O)NO
3657,C(=O)(N)NO
56649450,CC1=C(SC(=N1)NC(=O)N2CCCC2C(=O)N)C3=CC(=NC=C3)C(C)(C)C(F)(F)F
4261,C1=CC=C(C(=C1)N)NC(=O)C2=CC=C(C=C2)CNC(=O)OCC3=CN=CC=C3
54675769,CC1=C(C=CC2=C1OC(=O)C(=C2O)NC(=O)C3=CC(=C(C=C3)O)CC=C(C)C)OC4C(C(C(C(O4)(C)C)OC)OC(=O)N)O
5991,CC12CCC3C(C1CCC2(C#C)O)CCC4=C3C=CC(=C4)O
11313622,C1=CC=C(C=C1)CN2C(=O)N(SC2=O)C3=CC=CC4=CC=CC=C43
68911,CC1CCC2C(C(OC3C24C1CCC(O3)(OO4)C)OC)C
449171,CC1=C(C(CCC1)(C)C)C=CC(=CC=CC(=CC(=O)O)C)C
6445540,CC1CCCC2(C(O2)CC(NC(=O)CC(C(C(=O)C(C1O)C)(C)C)O)C(=CC3=CSC(=N3)C)C)C
108031,CCCCN(CCCC)CC(C1=CC(=CC2=C1C3=C(C2=CC4=CC=C(C=C4)Cl)C=C(C=C3)Cl)Cl)O
2719,CCN(CC)CCCC(C)NC1=C2C=CC(=CC2=NC=C1)Cl
46214930,CC1=NN(C(=C1)NC2=NC=C(C(=C2)NC3=CC=CC=C3C(=O)NOC)Cl)C(C)C
5504,C1CN=C(N1)CC2=CC=CC=C2
6194,C1=C(C(=O)NC(=O)N1)N(CCCl)CCCl
60490,CC(C1=CC2=CC=CC=C2S1)N(C(=O)N)O
3081361,CN1CCC(CC1)COC2=C(C=C3C(=C2)N=CN=C3NC4=C(C=C(C=C4)Br)F)OC
447077,CN1C2=NC(=NC=C2C=C(C1=O)C3=C(C=CC=C3Cl)Cl)NC4=CC(=CC=C4)SC
121396,C(CC(=O)O)C(C(=O)O)NC(=O)N
354624,C1=NC2=C(N=C(N=C2N1C3C(C(C(O3)CO)O)F)Cl)N
49847690,CC(C(=O)NC(C1CCCCC1)C(=O)N2CCCC2C(=O)NC3C(CC4=CC=CC=C34)OCC#CC#CCOC5CC6=CC=CC=C6C5NC(=O)C7CCCN7C(=O)C(C8CCCCC8)NC(=O)C(C)NC)NC
71317162,C1=CC2=NC=CC(=C2C=C1C=C3C(=O)NC(=O)S3)C4=CC=NC=C4
2471,CCCCNC1=C(C(=CC(=C1)C(=O)O)S(=O)(=O)N)OC2=CC=CC=C2
3330,C1=CC(=CC=C1NN=C(C#N)C#N)OC(F)(F)F
10126189,CC1=[N+](C2=C(N1CCOC)C(=O)C3=CC=CC=C3C2=O)CC4=NC=CN=C4
135398516,COC1=CC=CC2=C1NC(=C2)C3=C4C(=NC=NN4C(=N3)C5CCC(CC5)C(=O)O)N
5326,COC1=CN=C(N=C1)NS(=O)(=O)C2=CC=C(C=C2)N
208908,CS(=O)(=O)CCNCC1=CC=C(O1)C2=CC3=C(C=C2)N=CN=C3NC4=CC(=C(C=C4)OCC5=CC(=CC=C5)F)Cl
57519524,CC1CCC2C(C(OC3C24C1CCC(O3)(OO4)C)CC(CC5C(C6CCC(C7C68C(O5)OC(CC7)(OO8)C)C)C)C[S+](=O)(C9=CC=C(C=C9)COC(=O)N(C)C)[O-])C
5734,C1=CC=C2C(=C1)C(=NO2)CS(=O)(=O)N
22475,C[N+](C)(C)CCOC(=O)CCC(=O)OCC[N+](C)(C)C.[Cl-].[Cl-]
2749,CC1=CC(=O)N(C(=C1)C2CCCCC2)O
25183872,B(C(CC(C)C)NC(=O)CNC(=O)C1=C(C=CC(=C1)Cl)Cl)(O)O
49836027,CCC(=O)N1CCN(CC1)C2=C(C=C(C=C2)N3C(=O)C=CC4=CN=C5C=CC(=CC5=C43)C6=CC7=CC=CC=C7N=C6)C(F)(F)F
11178236,CC1=[N+](C2=C(N1CCOC)C(=O)C3=CC=CC=C3C2=O)CC4=NC=CN=C4.[Br-]
37392,CCCCN(CCCC)CCC(C1=C2C=CC(=CC2=C3C=C(C=C(C3=C1)Cl)Cl)C(F)(F)F)O.Cl
135397708,CC1CN(C(CN1)CN2CCOCC2C)CC(=O)N3CC(C4=C3C=C(C=N4)CC5=CC=C(C=C5)F)(C)C
9818231,CC1CCN(CC1N(C)C2=NC=NC3=C2C=CN3)C(=O)CC#N
5360515,C1CC1CN2CCC34C5C(=O)CCC3(C2CC6=C4C(=C(C=C6)O)O5)O
2662,CC1=CC=C(C=C1)C2=CC(=NN2C3=CC=C(C=C3)S(=O)(=O)N)C(F)(F)F
2123,CN(C)C1=NC(=NC(=N1)N(C)C)N(C)C
5330286,CC1=C(C(=O)N(C2=NC(=NC=C12)NC3=NC=C(C=C3)N4CCNCC4)C5CCCC5)C(=O)C
10219,CCC1CN2CCC3=CC(=C(C=C3C2CC1CC4C5=CC(=C(C=C5CCN4)OC)OC)OC)OC
176870,COCCOC1=C(C=C2C(=C1)C(=NC=N2)NC3=CC=CC(=C3)C#C)OCCOC
216345,CC(C)OC1=C(C=CC(=C1)OC)C2=NC(C(N2C(=O)N3CCNC(=O)C3)C4=CC=C(C=C4)Cl)C5=CC=C(C=C5)Cl
73602827,CN(C)CC=CC(=O)NC1=CC=C(C=C1)C(=O)NC2=CC=CC(=C2)NC3=NC=C(C(=N3)C4=CNC5=CC=CC=C54)Cl
446156,CC(C)C1=C(C(=C(C(=N1)C(C)C)COC)C2=CC=C(C=C2)F)C=CC(CC(CC(=O)O)O)O
57468496,CCN1C2=CC=CC=C2N(C1=O)C3CCN(CC3CO)CC4CCCCCCC4
135449332,CC1=C(C=C(C=C1)N2C(=O)C(=C(N2)C)N=NC3=CC=CC(=C3O)C4=CC(=CC=C4)C(=O)O)C
2351,CC(C)COCC(CN(CC1=CC=CC=C1)C2=CC=CC=C2)N3CCCC3
15459,CC1=CC(=CC(=C1)OCC2CNC(=O)O2)C
53494972,CC1=NC2=C(C=CC=C2N1C3=CC=C(S3)C(=O)NC4CC4)C#N
57519543,C1CC1C(=O)N2CCC(C2)CN3C4=C(C=NC=C4)N=C3C5=CC=C(C=C5)C6=CC7=C(C=C6)OC=C7
9826528,C1=CC(=C(C=C1I)F)NC2=C(C=CC(=C2F)F)C(=O)NOCC(CO)O
73777259,CC1=CC=CC=C1CN2C(=O)C3=C(CCN(C3)CC4=CC=CC=C4)N5C2=NCC5
51358113,C1=CC(=CC(=C1)N2C(=O)C=CC3=CN=C4C=CC(=CC4=C32)C5=CN=C(C=C5)N)C(F)(F)F
6918296,CC12CCC3C(C1CCC2C(=O)NC4=C(C=CC(=C4)C(F)(F)F)C(F)(F)F)CCC5C3(C=CC(=O)N5)C
3463933,CC1=C(C=CC(=C1)[N+](=O)[O-])NS(=O)(=O)C2=C(C=CC(=C2)Cl)Cl
24788740,CC1CC(C2=C1C(=NC=N2)N3CCN(CC3)C(=O)C(CNC(C)C)C4=CC=C(C=C4)Cl)O
445643,CC1CC(C2C(CC(C(O2)(C(=O)C(=O)N3CCCCC3C(=O)OC(C(C(CC(=O)C(C=C(C1)C)CC=C)O)C)C(=CC4CCC(C(C4)OC)O)C)O)C)OC)OC
9882793,CC(C1=CC=CC2=CC=CC=C21)NCC3=CC4=CC=CC=C4N3
135418940,C1CSCC2=C1N=C(NC2=O)C3=CC=C(C=C3)C(F)(F)F
135398510,CN1CCN(CC1)C2=CC3=C(C=C2)N=C(N3)C4=C(C5=C(C=CC=C5F)NC4=O)N
71329,CN(CCC1=CC=C(C=C1)NS(=O)(=O)C)CCOC2=CC=C(C=C2)NS(=O)(=O)C
5719,CCN(C1=CC=CC(=C1)C2=CC=NC3=C(C=NN23)C#N)C(=O)C
2141,C(CN)CNCCSP(=O)(O)O
148177,CCCCCCCCCCCCCCCCCCOP(=O)([O-])OC1CC[N+](CC1)(C)C
3336,CC(C1=CC=CC=C1)NCCC(C2=CC=CC=C2)C3=CC=CC=C3
69401460,CC1=CC(=NC2=C1C(=C(C=C2NCCCC(C)N)OC)OC3=CC=CC(=C3)C(F)(F)F)OC
6101895,CC(C)NCC(C1=CC=C(C=C1)NS(=O)(=O)C)O
3062316,CC1=C(C(=CC=C1)Cl)NC(=O)C2=CN=C(S2)NC3=CC(=NC(=N3)C)N4CCN(CC4)CCO
667484,CCOC(=O)C1=CN=CN1C(C)C2=CC=CC=C2
57519506,CC1CC(C(C(C=C(C(C(C=CC=C(C(=O)NC2=CC(=O)C(=C(C1)C2=O)NCCN(C)C)C)OC)OC(=O)N)C)C)O)OC
3005572,CN(C)CCOC1=CC=C(C=C1)C(=C(CCCl)C2=CC=CC=C2)C3=CC=CC=C3.C(C(=O)O)C(CC(=O)O)(C(=O)O)O
24197464,C1CCC(C(C1)N)N.C(=O)(C(=O)[O-])[O-].[Pt+4]
13769,CC12CCC3C(C1CCC(=O)O2)CCC4=CC(=O)C=CC34C
3932,C1=CC=C(C=C1)N2C3=CC=CC=C3C(C2=O)(CC4=CC=NC=C4)CC5=CC=NC=C5
9914412,COC1=C(C=C2C(=C1)C(=NC=N2)NC3=CC=C(C=C3)NC(=O)C4=CC=CC=C4)OCCCN5CCOCC5
3000506,C1CCNC(C1)C(C2=CC(=NC3=C2C=CC=C3C(F)(F)F)C(F)(F)F)O
6321424,CCC(C)C1C(CCC2(O1)CC3CC(O2)CC=C(C(C(C=CC=C4COC5C4(C(C=C(C5O)C)C(=O)O3)O)C)OC6CC(C(C(O6)C)OC7CC(C(C(O7)C)O)OC)OC)C)C
135449292,C1CC(CNC1)C2=CC(=NC3=C2COC(=O)N3)C4=C(C=CC=C4OCC5CC5)O
6450551,CNC(=O)C1=CC=CC=C1SC2=CC3=C(C=C2)C(=NN3)C=CC4=CC=CC=N4
9918559,CCC(CC#N)OC(=O)NC(C)C1=CC(=CC=C1)NC(=O)NC2=CC(=C(C=C2)C3=CN=CO3)OC
41774,CC1C(C(C(C(O1)OC2C(OC(C(C2O)O)OC3C(OC(C(C3O)O)O)CO)CO)O)O)NC4C=C(C(C(C4O)O)O)CO
159324,CN1C=NC=C1C(C2=CC=C(C=C2)Cl)(C3=CC4=C(C=C3)N(C(=O)C=C4C5=CC(=CC=C5)Cl)C)N
3652,CCN(CCCC(C)NC1=C2C=CC(=CC2=NC=C1)Cl)CCO
447043,CCC1C(C(C(N(CC(CC(C(C(C(C(C(=O)O1)C)OC2CC(C(C(O2)C)O)(C)OC)C)OC3C(C(CC(O3)C)N(C)C)O)(C)O)C)C)C)O)(C)O
24821094,C=CC(=O)N1CCCC(C1)N2C3=NC=NC(=C3C(=N2)C4=CC=C(C=C4)OC5=CC=CC=C5)N
13789,CC12CCC(=O)C=C1C=CC3C2CCC4(C3CCC45CCC(=O)O5)C
6252,C1=CN(C(=O)N=C1N)C2C(C(C(O2)CO)O)O.Cl
5831,C[N+](C)(C)CCOC(=O)N.[Cl-]
6918837,CC1=C(C2=CC=CC=C2N1)CCNCC3=CC=C(C=C3)C=CC(=O)NO
73330446,C1CC2(CCC1C3=C(C4=CC=CC=C4C(=O)C3=O)O)OC5(C6CC7CC(C6)CC5C7)OO2
6914657,C1CN(CCC1CCCCNC(=O)C=CC2=CN=CC=C2)C(=O)C3=CC=CC=C3
285033,CC(C)(CCCC(CC(=O)OC)(C(=O)OC1C2C3=CC4=C(C=C3CCN5C2(CCC5)C=C1OC)OCO4)O)O
7550,C[N+]1=CC=CC(=C1)OC(=O)N(C)C.[Br-]
126565,CC12C(CC(O1)N3C4=CC=CC=C4C5=C6C(=C7C8=CC=CC=C8N2C7=C53)CNC6=O)(CO)O
681,C1=CC(=C(C=C1CCN)O)O
249332,CCC1(CC2CC(C3=C(CCN(C2)C1)C4=CC=CC=C4N3)(C5=C(C=C6C(=C5)C78CCN9C7C(C=CC9)(C(C(C8N6C=O)(C(=O)OC)O)OC(=O)C)CC)OC)C(=O)OC)O.OS(=O)(=O)O
31411,CN1CCC2=CC3=C(C(=C2C1C4C5=C(C(=C(C=C5)OC)OC)C(=O)O4)OC)OCO3
5003929,CC1(C(N(C(=O)N1CC(=O)NN=CC=CC2=CC=C(O2)[N+](=O)[O-])C3=CC=C(C=C3)Cl)N(C(=O)NC4=CC=C(C=C4)Cl)O)C
10607,COC1=CC(=CC(=C1OC)OC)C2C3C(COC3=O)C(C4=CC5=C(C=C24)OCO5)O
73265223,CCCCCCCC(=O)OC1C2C(=C(C1OC(=O)C(=CC)C)C)C3C(C(CC2(C)OC(=O)C)OC(=O)CCC)(C(C(=O)O3)(C)O)O
5702198,N.N.Cl[Pt]Cl
2733525,CCC(=C(C1=CC=CC=C1)C2=CC=C(C=C2)OCCN(C)C)C3=CC=CC=C3.C(C(=O)O)C(CC(=O)O)(C(=O)O)O
51039095,CC1CN(CC(N1)C)C2=CC=C(C=C2)C(=O)NC3=NNC(=C3)CCC4=CC(=CC(=C4)OC)OC
6883,C1C(C2C(O1)C(CO2)O[N+](=O)[O-])O[N+](=O)[O-]
6839,CN1C(=O)CC(C1=O)C2=CC=CC=C2
14096316,CC12C(CC(O1)N3C4=CC=CC=C4C5=C6C(=C7C8=CC=CC=C8N2C7=C53)CNC6=O)(CO)O
43806,C1CCC(C(C1)N)N
108107,C1=CC=C(C=C1)CN=C(N)NC(=O)C2=C(N=C(C(=N2)Cl)N)N
2130,C1C2CC3CC1CC(C2)(C3)N
6013,CC12CCC3C(C1CCC2O)CCC4=CC(=O)CCC34C
3002977,CC1=NN=C(N1C2CC3CCC(C2)N3CCC(C4=CC=CC=C4)NC(=O)C5CCC(CC5)(F)F)C(C)C
11488320,CNC(=O)CN1CCC(CC1)OC2=C(C=C3C(=C2)C(=NC=N3)NC4=C(C(=CC=C4)Cl)F)OC
4201,C1CCN(CC1)C2=NC(=N)N(C(=C2)N)O
119182,C1=NC2=C(N=C(N=C2N1C3C(C(C(O3)CO)O)F)Cl)N
71158,CC(=O)NCCCS(=O)(=O)O
441350,CC(CC1=CC=C(C=C1)O)(C(=O)O)N
11494412,C1CC2=C3C(=CC=C2)C(=CN3C1)C4C(C(=O)NC4=O)C5=CNC6=CC=CC=C65
73265317,CC1CCC2C(C(OC3C24C1CCC(O3)(OO4)C)OC)C
5323714,C1COC(=O)N1N=CC2=CC=C(O2)[N+](=O)[O-]
2187,CC(C)(C#N)C1=CC(=CC(=C1)CN2C=NC=N2)C(C)(C)C#N
5342,C1=CC=C(C=C1)N2C(=O)C(C(=O)N2C3=CC=CC=C3)CCS(=O)C4=CC=CC=C4
5462501,CC(C(=O)N1CCCC1C(=O)O)NC(CCC2=CC=CC=C2)C(=O)O
449459,CCC(=C(C1=CC=C(C=C1)O)C2=CC=C(C=C2)OCCN(C)C)C3=CC=CC=C3
5755,CC12CC(C3C(C1CCC2(C(=O)CO)O)CCC4=CC(=O)C=CC34C)O
135413536,CC(C1=CC(=CC(=C1)C(F)(F)F)C(F)(F)F)OC2C(N(CCO2)CC3=NNC(=O)N3)C4=CC=C(C=C4)F
60750,C1=CN(C(=O)N=C1N)C2C(C(C(O2)CO)O)(F)F
73265328,CC1C(=O)N(C2CSC(C(C(=O)N(C(C(=O)OCC(C(=O)N1)NC(=O)C3=NC4=CC=CC=C4N=C3)C(C)C)C)N(C(=O)C(NC(=O)C(COC(=O)C(N(C2=O)C)C(C)C)NC(=O)C5=NC6=CC=CC=C6N=C5)C)C)SC)C
44631912,CN(C)C(=O)C1=CC2=CN=C(N=C2N1C3CCCC3)NC4=NC=C(C=C4)N5CCNCC5
10354063,CC(C)(C)C1=CC(=C(C(=C1)O)CN)C(C)(C)C
157920,CCCCC(C1(CCC2C(O1)CC(=O)C2CCCCCCC(=O)O)O)(F)F
72435,COC1=CC(=CC(=C1OC)OC)C2C3C(COC3=O)C(C4=CC5=C(C=C24)OCO5)O
131729795,CC1=C2C(C(=O)C3(C(CC4C(C3C(C(C2(C)C)(CC1OC(=O)C(C(C5=CC=CC=C5)NC(=O)C6=CC=CC=C6)O)O)OC(=O)C7=CC=CC=C7)(CO4)OC(=O)C)O)C)OC(=O)C.C1CC(C1)(C(=O)O)C(=O)O.N.N.[Pt+2]
441207,CC1C(C(CC(O1)OC2C(OC(CC2O)OC3C(OC(CC3O)OC4CCC5(C(C4)CCC6C5CCC7(C6(CCC7C8=CC(=O)OC8)O)C)C)C)C)O)O
6167,CC(=O)NC1CCC2=CC(=C(C(=C2C3=CC=C(C(=O)C=C13)OC)OC)OC)OC
4842,C1CN(CCN1C(=O)CCBr)C(=O)CCBr
38911,CC1=CC(=O)N(C(=C1)C2CCCCC2)O.C(CO)N
451668,C1C(C(OC1N2C=NC(=NC2=O)N)CO)O
2578,C(CCl)NC(=O)N(CCCl)N=O
9949641,CC(C)(C)C1=C(N=CN1)C=C2C(=O)NC(=CC3=CC=CC=C3)C(=O)N2
5754,CC12CCC(=O)C=C1CCC3C2C(CC4(C3CCC4(C(=O)CO)O)C)O
71384,CC(CN1CC(=O)NC(=O)C1)N2CC(=O)NC(=O)C2
17754438,C1=CC2=C(C=CC(=C2)CN3C4=NC(=CN=C4N=N3)C5=CN(N=C5)CCO)N=C1
20279,C1C(C(OC1N2C=NC3=C(N=C(N=C32)Cl)N)CO)O
52943938,CC1=CC(=C(C=C1)C(C)(C2=NC3=CC=CC=C3S2)O)C
42623900,C1CC2=C(C1)C=C(C=C2)OC3=NC(=C4C(=N3)N(C=N4)CC5=CC=C(C=C5)C6=CC=CC=C6)NC(CC7=CC=CC=C7)CO
16654980,C1COCCN1C2=NC(=NC(=C2)C3=CN=C(C=C3C(F)(F)F)N)N4CCOCC4
24995524,C1=CC(=CC(=C1)Cl)NC(=O)NC2=NC=C(S2)CCNC3=NC=NC4=C3SC=C4
4418,COC1=CC=CC=C1N2CCN(CC2)CC(COC3=CC=CC4=CC=CC=C43)O
68740,C1=CN(C=N1)CC(O)(P(=O)(O)O)P(=O)(O)O
641785,COC1=CC(=CC(=C1C(=O)C=CC2=CC=CC=C2)O)O
10235,C1C2CNCC1C3=CC=CC(=O)N3C2
3950,C1CCC(CC1)NC(=O)N(CCCl)N=O
60795,C1CC(=O)NC2=C1C=CC(=C2)OCCCCN3CCN(CC3)C4=C(C(=CC=C4)Cl)Cl
24771867,COC1=C(C(=CC=C1)F)C2=NCC3=CN=C(N=C3C4=C2C=C(C=C4)Cl)NC5=CC(=C(C=C5)C(=O)O)OC
10173277,CC1=CC(=CC=C1)C=NNC2=CC(=NC(=N2)OCCC3=CC=CC=N3)N4CCOCC4
336423,CC1=CC=CC=C1CN2C3=C(CN(CC3)CC4=CC=CC=C4)C(=O)N5C2=NCC5
24963252,CN1C2=C(C(=C(C1=O)F)NC3=C(C=C(C=C3)I)F)C(=O)N(C=N2)CC(CO)O
4499,CC1=C(C(C(=C(N1)C)C(=O)OCC(C)C)C2=CC=CC=C2[N+](=O)[O-])C(=O)OC
6178111,CC(C)N=C(N)N=C(N)NC1=CC=C(C=C1)Cl
65016,CC(C)CN(CC(C(CC1=CC=CC=C1)NC(=O)OC2CCOC2)O)S(=O)(=O)C3=CC=C(C=C3)N
92178,CN1CCN(CC1)CCCN2C3=CC=CC=C3SC4=C2C=C(C=C4)S(=O)(=O)N(C)C.CS(=O)(=O)O.CS(=O)(=O)O
135410875,C1=CC(=CC=C1CCC2=CNC3=C2C(=O)NC(=N3)N)C(=O)NC(CCC(=O)O)C(=O)O
26879,C1CSC2=NC(CN21)C3=CC=CC=C3
387447,B(C(CC(C)C)NC(=O)C(CC1=CC=CC=C1)NC(=O)C2=NC=CN=C2)(O)O
5572,C1CCC(CC1)C(CCN2CCCCC2)(C3=CC=CC=C3)O
9930913,C1CCC2(C1)CC(=O)N(C(=O)C2O)CCCCN3CCN(CC3)C4=NC=CC=N4
3461,C1=CN(C(=O)N=C1N)C2C(C(C(O2)CO)O)(F)F
5748,CC[N+](C)(CC)CCOC(=O)C(C1CCCCC1)(C2=CC=CC=C2)O.[Br-]
16719221,CC1=C(C(=O)OC2=C1C=CC(=C2)OC3=NC=CC=N3)CC4=C(C(=NC=C4)NS(=O)(=O)NC)F
16725316,CCN(CC)CCN1C2=C(C=CC(=C2)OCCN(CC)CC)C(=O)C3=C1C=C(C=C3)Cl
2723601,C1=NC2=C(N1)C(=S)N=C(N2)N
135330301,CC1=C(C=CC(=C1)C2CCC(CC2)CN(C3=CC=CC(=C3)C4=CN=C(S4)OC)C(=O)C5CCC(CC5)C(=O)NCCN(C)C)OC
10090485,CC1=NC(=CC=C1)C2=NN3CCCC3=C2C4=C5C=C(C=CC5=NC=C4)C(=O)N
54611422,CC12CCC3C(C1CCC2OP(=O)(O)O)CCC4=C3C=CC(=C4)OC(=O)N(CCCl)CCCl.[Na+]
52947716,CCC1CCC2C(C(C(C3(O2)CCC(C(O3)CC(C)O)C)C)OC(=O)C=CC(C(C(C(=O)C(C(C(C(=O)C(C(C(CC=CC=C1)C)O)(C)O)C)O)C)C)O)C)C
135401907,C1=NNC2=C1C(=O)NC=N2
24826799,CC1=C(C=C(C=C1)C(=O)NC2=CC(=C(C=C2)CN3CCN(CC3)C)C(F)(F)F)C#CC4=CN=C5N4N=CC=C5
129228,C1=CC(=C(C(=C1)F)CN2C=C(N=N2)C(=O)N)F
4474,CC1=C(C(C(=C(N1)C)C(=O)OCCN(C)CC2=CC=CC=C2)C3=CC(=CC=C3)[N+](=O)[O-])C(=O)OC
6239,CCN(CC)CCCC(C)NC1=C2C=C(C=CC2=NC3=C1C=CC(=C3)Cl)OC.Cl.Cl
37542,C1=NC(=NN1C2C(C(C(O2)CO)O)O)C(=O)N
15949613,CN1C=CC2=C1C(=NC=N2)OC3=CC(=C(C=C3)NC(=O)NC4=CC=CC(=C4)C(F)(F)F)F
9950176,C1=CC=C(C=C1)C2=NC(=C(N2)C3=CC=NC=C3)C4=CC(=C(C=C4)Cl)O
136170999,CCC1=C2CN3C(=CC4=C(C3=O)COC(=O)C4(CC)O)C2=NC5=C1C=C(C=C5)OC(=O)N6CCC(CC6)N7CCCCC7.C1C(N(C2=C(N1)N=C(NC2=O)N)C=O)CNC3=CC=C(C=C3)C(=O)NC(CCC(=O)O)C(=O)O.C1=C(C(=O)NC(=O)N1)F
25105690,CN1CCN(CC1)C2=CC=C(C=C2)C3=NC4=CC(=C(C=C4C(=N3)NCCN5CCOCC5)OC)OC
5278396,C1COCCN1C2=CC(=O)C=C(O2)C3=C4C(=CC=C3)SC5=CC=CC=C5S4
73265292,CC1CC2C3C=C(C4=CC5=C(CC4(C3C(CC2(C1(C(=O)COC(=O)C)O)C)O)C)C=NN5C6=CC=CC=C6)C
448013,CC1CCCC2(C(O2)CC(OC(=O)CC(C(C(=O)C(C1O)C)(C)C)O)C(=CC3=CSC(=N3)C)C)C
5081913,C1=CC(=C(C=C1Cl)C(=O)NC2=CC(=CC(=C2)C(F)(F)F)C(F)(F)F)O
24199313,CCP(CC)CC.CC(=O)OCC1C(C(C(C(O1)[S-])OC(=O)C)OC(=O)C)OC(=O)C.[Au+]
5743,CC1CC2C3CCC4=CC(=O)C=CC4(C3(C(CC2(C1(C(=O)CO)O)C)O)F)C
64646,CCN(CC)CC1=C(C=CC(=C1)NC2=C3C=CC(=CC3=NC=C2)Cl)O.O.O.Cl.Cl
135398661,CN1C=NC(=N)C2=C1N=CN2
4009,CC1=C(C(CCC1)(C)C)CCC(=CCCC2=CCC(OC2O)C3=CC(=O)OC3O)C
3779,CC(C)NCC(C1=CC(=C(C=C1)O)O)O
11520894,CC1CCC2CC(C(=CC=CC=CC(CC(C(=O)C(C(C(=CC(C(=O)CC(OC(=O)C3CCCCN3C(=O)C(=O)C1(O2)O)C(C)CC4CCC(C(C4)OC)OP(=O)(C)C)C)C)O)OC)C)C)C)OC
16718576,CC1(CC2=CN=C(N=C2C3=C1C(=NN3C)C(=O)NC)NC4=CC=C(C=C4)N5CCN(CC5)C)C
16759993,COC1=CC2=C(C=CN=C2C=C1)C(C3CC4CCN3CC4C=C)O
73265318,CCC(C1CCC(C(O1)C(C)C(C(C)C(=O)C(CC)C2C(CC(C3(O2)C=CC(C4(O3)CCC(O4)(C)C5CCC(C(O5)C)(CC)O)O)C)C)O)C)C(=O)[O-]
73265358,CCC1(CCC(O1)C2(CCC3(O2)CC(C(C(O3)C(C)C(C(C)C(=O)[O-])OC)C)O)C)C4C(CC(O4)C5C(CC(C(O5)(CO)O)C)C)C
16222097,C1CCNC(C1)C2(CN(C2)C(=O)C3=C(C(=C(C=C3)F)F)NC4=C(C=C(C=C4)I)F)O
4911,CCCN(CCC)S(=O)(=O)C1=CC=C(C=C1)C(=O)O
9806229,CC(C)(C#CC1=CC2=C(C=C1NC(=O)C=C)C(=NC=N2)NC3=CC(=C(C=C3)F)Cl)N4CCN(CC4)C
46898058,CC(C)OC1=C(C=C(C=C1)C(=O)NC(CC2=CC=C(C=C2)C3=CN4C=CC=C(C4=N3)C(C)O)CNC(=O)CN(C)C)Cl
9549297,CC1=C(NC(=C1C(=O)N2CCN(CC2)C)C)C=C3C4=C(C=CC(=C4)S(=O)(=O)N(C)C5=CC(=CC=C5)Cl)NC3=O
3036780,CN1CC2C(C1)C3=C(C=CC(=C3)Cl)OC4=CC=CC=C24
5284513,CC1=CC(=C(C(=C1C=CC(=CC=CC(=CC(=O)O)C)C)C)C)OC
452548,COC1=CC(=CC(=C1O)OC)C2C3C(COC3=O)C(C4=CC5=C(C=C24)OCO5)OC6C(C(C7C(O6)COC(O7)C8=CC=CS8)O)O
77999,CN(CCOC1=CC=C(C=C1)CC2C(=O)NC(=O)S2)C3=CC=CC=N3
54680692,CCC(C1=CC=CC=C1)C2=C(C3=CC=CC=C3OC2=O)O
73265380,CC1CCCC2C(O2)CC(OC(=O)CC(C(C(=O)C(C1O)C)(C)C)O)C(=CC3=CSC(=N3)C)C
5591,CC1=C(C2=C(CCC(O2)(C)COC3=CC=C(C=C3)CC4C(=O)NC(=O)S4)C(=C1O)C)C
1046,C1=CN=C(C=N1)C(=O)N
16231,C1(=C(N=C(C(=N1)Cl)N)N)C(=O)N=C(N)N
3883,CC1=C(C=CN=C1CS(=O)C2=NC3=CC=CC=C3N2)OCC(F)(F)F
2800,CCN(CC)CCOC1=CC=C(C=C1)C(=C(C2=CC=CC=C2)Cl)C3=CC=CC=C3
5312126,CN(C(CC1=CC=C(C=C1)OS(=O)(=O)C2=CC=CC3=C2C=CN=C3)C(=O)N4CCN(CC4)C5=CC=CC=C5)S(=O)(=O)C6=CC=CC7=C6C=CN=C7
6234,C1C(C(=O)NO1)N
16070111,COC(=O)N1CC2(CC2)CC(C1C(=O)N3CCN(CC3)C4=CC=CC=C4)C(=O)NO
3033637,CNC(=C[N+](=O)[O-])NCCSCC1=CSC(=N1)CN(C)C
11957503,CNC(=O)C1C(C(C(O1)N2C=NC3=C(N=C(N=C32)Cl)NCC4=CC=C(C=C4)I)O)O
130313,CC1(C(N2C(S1(=O)=O)CC2=O)C(=O)O)C
54671008,CC1=NN=C(O1)C(=O)NC(C)(C)C2=NC(=C(C(=O)N2C)O)C(=O)NCC3=CC=C(C=C3)F
55283,CCC(C)N1C(=O)N(C=N1)C2=CC=C(C=C2)N3CCN(CC3)C4=CC=C(C=C4)OCC5COC(O5)(CN6C=NC=N6)C7=C(C=C(C=C7)Cl)Cl
54671203,CC1C2C(C3C(C(=O)C(=C(C3(C(=O)C2=C(C4=C1C=CC=C4O)O)O)O)C(=O)N)N(C)C)O
2170,C1CN(CCN1)C2=NC3=CC=CC=C3OC4=C2C=C(C=C4)Cl
219078,CC(=O)NC(COC)C(=O)NCC1=CC=CC=C1
9887054,C1CCC(C(C1)N)N.C(=O)(C(=O)[O-])[O-].[Pt+2]
119119,C1CC(OC1COP(=O)(O)OP(=O)(O)OP(=O)(O)O)N2C=CC(=NC2=O)N
11404337,CC1=CC(=C(N1)C=C2C(=CC(=C3C=C4C=CC=CC4=N3)N2)OC)C
11683,CC1=CC2C(CCC3(C2CCC3(C(=O)C)OC(=O)C)C)C4(C1=CC(=O)CC4)C
165580,C1C(C(C(C(C1N)OC2C(C(C(C(O2)CO)O)O)N)OC3C(C(C(O3)CO)OC4C(C(C(C(O4)CN)O)O)N)O)O)N
92722,CC1CCN(C(C1)C(=O)O)C(=O)C(CCCN=C(N)N)NS(=O)(=O)C2=CC=CC3=C2NCC(C3)C
45375953,CC(C)N1C2=NC=NC(=C2C(=N1)C3=CC4=C(C=C3)OC(=N4)N)N
104858,C(CC(=O)NC(CSN=O)C(=O)NCC(=O)O)C(C(=O)O)N
56951429,CC1=NN(C=C1NC2=NC=C(C(=C2)NC3=C(C=C(C=C3)F)C(=O)NOC)C(F)(F)F)C
5720,CC(C1=CC2=C(C=C1)SC3=CC=CC=C3C(=O)C2)C(=O)O
72686,COC1=C(C=C(C=C1)C=CC2=CC(=C(C(=C2)OC)OC)OC)O
23615975,CN(C(=O)NC(C=O)C(C(C(CO)O)O)O)N=O
46220502,CCN1CCN(CC1)CC2=CN=C(C=C2)NC3=NC=C(C(=N3)C4=CC5=C(C(=C4)F)N=C(N5C(C)C)C)F
1691,CC1C(C(CC(O1)OC2CC(CC3=C2C(=C4C(=C3O)C(=O)C5=C(C4=O)C(=CC=C5)OC)O)(C(=O)CO)O)N)O
151194,C1=CC=C2C(=C1)C(=NN=C2NC3=CC=C(C=C3)Cl)CC4=CC=NC=C4
644241,CC1=C(C=C(C=C1)C(=O)NC2=CC(=CC(=C2)C(F)(F)F)N3C=C(N=C3)C)NC4=NC=CC(=N4)C5=CN=CC=C5
117817422,CC(C(F)(F)F)NC1=NC(=NC(=N1)C2=NC(=CC=C2)Cl)NC(C)C(F)(F)F
10113978,CC1=C(C=C(C=C1)NC2=NC=CC(=N2)N(C)C3=CC4=NN(C(=C4C=C3)C)C)S(=O)(=O)N
135398735,CC1C=CC=C(C(=O)NC2=C(C(=C3C(=C2O)C(=C(C4=C3C(=O)C(O4)(OC=CC(C(C(C(C(C(C1O)C)O)C)OC(=O)C)C)OC)C)C)O)O)C=NN5CCN(CC5)C)C
6852167,CC1=C(SC(=N1)NC(=O)C)C2=CC(=C(C=C2)Cl)S(=O)(=O)NCCO
5480230,C1CC1CN2CCC34C5C6=C(CC3(C2CC7=C4C(=C(C=C7)O)O5)O)C8=C(N6)C9C12CCN(C(C1(C8)O)CC1=C2C(=C(C=C1)O)O9)CC1CC1
60700,CCC1(C2=C(COC1=O)C(=O)N3CC4=CC5=C(C=CC(=C5CN(C)C)O)N=C4C3=C2)O
2153,CN1C2=C(C(=O)N(C1=O)C)NC=N2
11683005,C[As](C)SCC(C(=O)NCC(=O)O)NC(=O)CCC(C(=O)O)N
11707110,CC1=C2C(=C(N(C1=O)C)NC3=C(C=C(C=C3)I)F)C(=O)N(C(=O)N2C4=CC=CC(=C4)NC(=O)C)C5CC5
135659064,[CH2-]C1CCCCC1[CH2-].C1C(N(C2=C(N1)N=C(NC2=O)N)C=O)CNC3=CC=C(C=C3)C(=O)NC(CCC(=O)O)C(=O)O.C1=C(C(=O)NC(=O)N1)F.C(=O)(C(=O)O)O.[Pt+2]
3926,CC1=C(C(=CC=C1)C)NC(=O)CN2CCN(CC2)CCCC(C3=CC=C(C=C3)F)C4=CC=C(C=C4)F
68591670,COC1=C(C=CC(=C1)N2CCN(CC2)CCO)NC3=NC=C(C(=N3)C4=CN=C5N4C=CC=C5)F
24856436,CC(C)(C1=NC(=CC=C1)N2C3=NC(=NC=C3C(=O)N2CC=C)NC4=CC=C(C=C4)N5CCN(CC5)C)O
4486,CN1C(=CC(=O)N(C1=O)C)NCCN(CCCC2=CC=C(C=C2)[N+](=O)[O-])CCO
15951529,CC1(C(=O)N(C(=S)N1C2=CC(=C(C=C2)C(=O)NC)F)C3=CC(=C(C=C3)C#N)C(F)(F)F)C
65399,CN1C2=NC=NC3=C2C(=CN3C4C(C(C(O4)CO)O)O)C(=N1)N
46233311,COC1=C(C=CC(=C1)NC2=CC=CC=C2)NS(=O)(=O)C3=C(SC=C3)C(=O)OC
4189,C1=CC(=C(C=C1Cl)Cl)COC(CN2C=CN=C2)C3=C(C=C(C=C3)Cl)Cl
8226,CCC(CO)NC(=O)C1CN(C2CC3=CNC4=CC=CC(=C34)C2=C1)C
11213558,CC1(C(=O)NC2=C(O1)C=CC(=N2)NC3=NC(=NC=C3F)NC4=CC(=C(C(=C4)OC)OC)OC)C
11964036,CCN1CCN(CC1)CC(=O)NC2=C3C4=CC=CC=C4SC3=C(C=C2)C5=CC=CC6=C5OC(=CC6=O)N7CCOCC7
37393,CCCCN(CCCC)CCC(C1=C2C=CC(=CC2=C3C=C(C=C(C3=C1)Cl)Cl)C(F)(F)F)O
82146,CC1=CC2=C(C=C1C(=C)C3=CC=C(C=C3)C(=O)O)C(CCC2(C)C)(C)C
23725625,C1CC1C(=O)N2CCN(CC2)C(=O)C3=C(C=CC(=C3)CC4=NNC(=O)C5=CC=CC=C54)F
68592449,CC(C(=O)N1CCC(CC1)C2=CC(=C(C=C2)NC3=NC=C(C(=N3)C4=CN=C5N4C=CC=C5)Cl)OC)O
11617559,COC1=CC=C(C=C1)COC2=C(C=C(C=C2)CC3=CN=C(N=C3N)N)OC
4735,C1=CC(=CC=C1C(=N)N)OCCCCCOC2=CC=C(C=C2)C(=N)N
38521,C1CCC2(CC1)OCC(O2)CN=C(N)N
68617,CNC1CCC(C2=CC=CC=C12)C3=CC(=C(C=C3)Cl)Cl
44199317,COC1CCN(CC1)C(=O)C2=C(C=CC(=C2)CC3=NNC(=O)C4=CC=CC=C43)F
66414,CC12CCC3C(C1CCC2O)CCC4=CC(=C(C=C34)OC)O
6437380,CCCCN(CCCC)CC(C1=CC(=CC2=C1C3=C(C2=CC4=CC=C(C=C4)Cl)C=C(C=C3)Cl)Cl)O
73265233,CC1CCC2CC(C(=CC=CC=CC(CC(C(=O)C(C(C(=CC(C(=O)CC(OC(=O)C3CCCCN3C(=O)C(=O)C1(O2)O)C(C)CC4CCC(C(C4)OC)OCCO)C)C)O)OC)C)C)C)OC
5281081,CCN(CC)C(=O)C(=CC1=CC(=C(C(=C1)O)O)[N+](=O)[O-])C#N
76321032,CC(=O)NC1=C(C=CC(=C1)NC2=NC3=C(C=NN3C(=C2)NC4CC4)C#N)N(C)CCN(C)C
13520,[Li+].[Li+].[Li+].C(C(=O)[O-])C(CC(=O)[O-])(C(=O)[O-])O
5352062,CC=C1C(=O)NC(C(=O)OC2CC(=O)NC(C(=O)NC(CSSCCC=C2)C(=O)N1)C(C)C)C(C)C
400633,CCCCCOC(=O)NC1=NC(=O)N(C=C1F)C2C(C(C(O2)C)O)O
6917698,COC1CN(CCC1NC(=O)C2=CC(=C(C=C2OC)N)Cl)CCCOC3=CC=C(C=C3)F
56973724,CN1CCC(CC1)OC2=CC(=C(C=C2)NC3=NC=C4C(=N3)N(C(=O)N4C)C5CCCC5)OC
60060499,CC1CCC2C(C(OC3C24C1CCC(O3)(OO4)C)OC(=O)CCC(=O)O)C
10228,CC(=CCC1=C(C=CC2=C1OC(=O)C=C2)OC)C
24748573,C1=CC(=CC(=C1)Cl)NC2=NC3=C(C=CC(=C3)C(=O)O)C4=C2C=CN=C4
4139,CN(C)C1=CC2=C(C=C1)N=C3C=CC(=[N+](C)C)C=C3S2
60606,COC(=O)C(C1=CC=CC=C1Cl)N2CCC3=C(C2)C=CS3
3712,C1=CC=C2C(=C1)C(=CN2)CO
15953870,CC1CN(CC(O1)C)CC(=O)NC2=CC3=C(C=C2)SC4=C(C3)C=CC=C4C5=CC(=O)C=C(O5)N6CCOCC6
148201,COC1=C(C=C2CN(CCC2=C1)CCC3=CC=C(C=C3)NC(=O)C4=CC(=C(C=C4NC(=O)C5=CC6=CC=CC=C6N=C5)OC)OC)OC
150311,C1=CC(=CC=C1C2C(C(=O)N2C3=CC=C(C=C3)F)CCC(C4=CC=C(C=C4)F)O)O
57441923,CC1COCCN1C2=NC(=NC3=C2C=CC(=N3)C4=CC(=C(C=C4)OC)CO)N5CCOCC5C
148124,CC1=C2C(C(=O)C3(C(CC4C(C3C(C(C2(C)C)(CC1OC(=O)C(C(C5=CC=CC=C5)NC(=O)OC(C)(C)C)O)O)OC(=O)C6=CC=CC=C6)(CO4)OC(=O)C)O)C)O
517546,CCN(CC)C(=S)[S-].O.O.O.[Na+]
5394,CN1C(=O)N2C=NC(=C2N=N1)C(=O)N
4173,CC1=NC=C(N1CCO)[N+](=O)[O-]
34458,COC1=C(C2=C(CC3C4=CC5=C(C=C4CCN3C2)OCO5)C=C1)OC
24964624,C1CC(C1)(C2=CC=C(C=C2)C3=C(C=C4C(=N3)C=CN5C4=NNC5=O)C6=CC=CC=C6)N
3000518,CC1CCC2C(C(OC3C24C1CCC(O3)(OO4)C)O)C
25023738,CC1C(=O)N(C2=CN=C(N=C2N1CCC(C)C)NC3=CC(=C(C(=C3)F)O)F)C
5035,C1CCN(CC1)CCOC2=CC=C(C=C2)C(=O)C3=C(SC4=C3C=CC(=C4)O)C5=CC=C(C=C5)O
16666708,CC1=CC(=C(N(C1=O)C)NC2=C(C=C(C=C2)I)F)C(=O)NOCCO
3696,CN(C)CCCN1C2=CC=CC=C2CCC3=CC=CC=C31
57519512,CC(C)(C)C1=C(N=CN1)C=C2C(=O)NC(=CC3=CC=CC=C3)C(=O)N2
62770,CC1C(C(CC(O1)OC2CC(CC3=C2C(=C4C(=C3O)C(=O)C5=C(C4=O)C(=CC=C5)OC)O)(C(=O)C)O)N)O.Cl
54761306,CC1COCCN1C2=NC(=NC(=C2)C3(CC3)S(=N)(=O)C)C4=C5C=CNC5=NC=C4
163659,CC1C(C(CC(O1)OC2CC(OC(C2O)C)OC3=CC4=CC5=C(C(=O)C(C(C5)C(C(=O)C(C(C)O)O)OC)OC6CC(C(C(O6)C)O)OC7CC(C(C(O7)C)O)OC8CC(C(C(O8)C)O)(C)O)C(=C4C(=C3C)O)O)O)O
54676905,CC(=C(C#N)C(=O)NC1=C(C=CC(=C1)Br)Br)O
24748204,C1CC(CCC1OC2=C(C(=CC=C2)Cl)F)(CC3=NC(=CC=C3)NC4=NC=CS4)C(=O)O
57339144,C1CCN(C1)C2CCN(CC2)C(=O)C3=CC(=C(C=C3)C(=O)N4CCC(CC4)N5CCCC5)NC6=CC=CC=C6
5282407,C1CN(CCN1CC=CC2=CC=CC=C2)C(C3=CC=C(C=C3)F)C4=CC=C(C=C4)F.Cl.Cl
10341154,C1=CC(=C(C(=C1)F)N(C2=NC(=C(C=C2)C(=O)N)C3=C(C=C(C=C3)F)F)C(=O)N)F
3025986,CC(C)(C)C1=CN=C(O1)CSC2=CN=C(S2)NC(=O)C3CCNCC3
19675,CC(=O)C1=CC2=C(C=C1)SC3=CC=CC=C3N2CCCN4CCC(CC4)CCO
42611257,CCCS(=O)(=O)NC1=C(C(=C(C=C1)F)C(=O)C2=CNC3=C2C=C(C=N3)C4=CC=C(C=C4)Cl)F
5362124,CCOC(=O)C(CCC1=CC=CC=C1)NC2CCC3=CC=CC=C3N(C2=O)CC(=O)O
5358,CNS(=O)(=O)CC1=CC2=C(C=C1)NC=C2CCN(C)C
3373,CCOC(=O)C1=C2CN(C(=O)C3=C(N2C=N1)C=CC(=C3)F)C
16725726,CCN1C2=C(C(=NC=C2OCC3CCCNC3)C#CC(C)(C)O)N=C1C4=NON=C4N
73265205,CC(C1=CC=CC2=CC=CC=C21)NC3CCCCC3NC(=O)C4=CC=C(C=C4)Cl
17755052,CS(=O)(=O)N1CCN(CC1)CC2=CC3=C(S2)C(=NC(=N3)C4=C5C=NNC5=CC=C4)N6CCOCC6
24180719,CCCS(=O)(=O)NC1=C(C(=C(C=C1)F)C(=O)C2=CNC3=C2C=C(C=N3)Cl)F
4826,CC(C(C)(C)C)N=C(NC#N)NC1=CC=NC=C1
46926350,CCC1=C2N=C(C=C(N2N=C1)NCC3=C[N+](=CC=C3)[O-])N4CCCCC4CCO
9933475,CC1=CC2=C(N1)C=CC(=C2F)OC3=NC=NC4=CC(=C(C=C43)OC)OCCCN5CCCC5
9803963,CC1=C(C=CC(=C1)SCC2=C(N=C(S2)C3=CC=C(C=C3)C(F)(F)F)C)OCC(=O)O
6100,CC[N+](C)(C)CC1=CC=CC=C1Br.CC1=CC=C(C=C1)S(=O)(=O)[O-]
426756,C1CC(C1)(C(=O)O)C(=O)O.[NH2-].[NH2-].[Pt+2]
56959,CC1=C(C(=CC=C1)C)NC(=O)CN2CCN(CC2)CC(COC3=CC=CC=C3OC)O
73265252,CCCCC1CC(N(C1)C)C(=O)NC(C2C(C(C(C(O2)S)O)O)O)C(C)Cl
3034010,CCCCCCCCCCCC(CC1C(C(=O)O1)CCCCCC)OC(=O)C(CC(C)C)NC=O
154256,CC1=C(N(C2=C1C=C(C=C2)O)CC3=CC=C(C=C3)OCCN4CCCCCC4)C5=CC=C(C=C5)O.CC(=O)O
657298,CCCC1=CC(=O)NC(=S)N1
4212,C1=CC(=C2C(=C1NCCNCCO)C(=O)C3=C(C=CC(=C3C2=O)O)O)NCCNCCO
4076092,CCOC(=O)C(C)OC1=CC=CC2=C1C=CN(C2=O)CC(=O)NC3=CC4=C(C=C3)OCCO4
39764,CC(=O)OC1CC2CCC3C(C2(CC1N4CCCCC4)C)CCC5(C3CC(C5OC(=O)C)[N+]6(CCCCC6)C)C.[Br-]
1989,CC(=O)C1=CC=C(C=C1)S(=O)(=O)NC(=O)NC2CCCCC2
216454,C1CN(C(=O)CN1CC2=CN=CN2CC3=CC=C(C=C3)C#N)C4=CC(=CC=C4)Cl
4893,COC1=C(C=C2C(=C1)C(=NC(=N2)N3CCN(CC3)C(=O)C4=CC=CO4)N)OC
5533,C1CN(CCN1CCCN2C(=O)N3C=CC=CC3=N2)C4=CC(=CC=C4)Cl
11713159,CN(C1=C(C=CC=N1)CNC2=NC(=NC=C2C(F)(F)F)NC3=CC4=C(C=C3)NC(=O)C4)S(=O)(=O)C
5430,C1=CC=C2C(=C1)NC(=N2)C3=CSC=N3
3637,C1=CC=C2C(=C1)C=NN=C2NN
6197,CC1CC(C(=O)C(C1)C(CC2CC(=O)NC(=O)C2)O)C
148121,C#CCC(CC1=CN=C2C(=N1)C(=NC(=N2)N)N)C3=CC=C(C=C3)C(=O)NC(CCC(=O)O)C(=O)O
5360373,CC1=C(N=C(N=C1N)C(CC(=O)N)NCC(C(=O)N)N)C(=O)NC(C(C2=CN=CN2)OC3C(C(C(C(O3)CO)O)O)OC4C(C(C(C(O4)CO)O)OC(=O)N)O)C(=O)NC(C)C(C(C)C(=O)NC(C(C)O)C(=O)NCCC5=NC(=CS5)C6=NC(=CS6)C(=O)NCCC[S+](C)C)O
4641,CCCCC1C(=O)N(N(C1=O)C2=CC=C(C=C2)O)C3=CC=CC=C3
4688,CN(CC#C)CC1=CC=CC=C1
6253,C1=CN(C(=O)N=C1N)C2C(C(C(O2)CO)O)O
25102847,COC1=CC2=C(C=CN=C2C=C1OC)OC3=CC=C(C=C3)NC(=O)C4(CC4)C(=O)NC5=CC=C(C=C5)F
46188928,C1CC(N(C1)C2=NC3=C(C=NN3C=C2)NC(=O)N4CCC(C4)O)C5=C(C=CC(=C5)F)F
11167602,CNC(=O)C1=NC=CC(=C1)OC2=CC(=C(C=C2)NC(=O)NC3=CC(=C(C=C3)Cl)C(F)(F)F)F
13342,CCC1(CC2CC(C3=C(CCN(C2)C1)C4=CC=CC=C4N3)(C5=C(C=C6C(=C5)C78CCN9C7C(C=CC9)(C(C(C8N6C)(C(=O)OC)O)OC(=O)C)CC)OC)C(=O)OC)O
11625818,CCC(C1=NC2=C(C(=CC=C2)F)C(=O)N1C3=CC=CC=C3)NC4=NC=NC5=C4NC=N5
9049,CC1(N=C(N=C(N1C2=CC=C(C=C2)Cl)N)N)C
11717641,C1CC2=C3C(=CC=C2)C(=CN3C1)C4C(C(=O)NC4=O)C5=CNC6=CC=CC=C65
11525740,CC1=C(C=C(C=C1)NC2=NC=CC(=N2)N(C)C3=CC4=NN(C(=C4C=C3)C)C)S(=O)(=O)N.Cl
135398501,C1CN(CCC1N2C3=CC=CC=C3NC2=O)CC4=CC=C(C=C4)C5=C(N=C6C=C7C(=NC=N7)C=C6N5)C8=CC=CC=C8
16736978,CC1CN(CC(O1)C)C2=NC3=C(C=CC(=N3)C4=CC(=C(C=C4)OC)CO)C(=N2)N5CCOCC5
73265241,CCC(C)C1C(CCC2(O1)CC3CC(O2)CC=C(C(C(C=CC=C4COC5C4(C(C=C(C5O)C)C(=O)O3)O)C)OC6CC(C(C(O6)C)OC7CC(C(C(O7)C)O)OC)OC)C)C
66646767,CC(C1=C(C=NC=C1Cl)Cl)OC2=CC3=C(C=C2)NN=C3C=CC4=CN(N=C4)CCO
135539077,CCNC(=O)C1=NOC(=C1C2=CC=C(C=C2)CN3CCOCC3)C4=CC(=C(C=C4O)O)C(C)C
2520,CC(C)C(CCCN(C)CCC1=CC(=C(C=C1)OC)OC)(C#N)C2=CC(=C(C=C2)OC)OC
25262965,CC1COCCN1C2=NC(=NC3=C2C=CC(=N3)C4=CC(=C(C=C4)OC)CO)N5CCOCC5C
4060,CCC1(C(=O)N(C(=O)N1)C)C2=CC=CC=C2
667477,CN(C)CCC=C1C2=CC=CC=C2COC3=CC=CC=C31
60810,C1CN(CCN1CCCC(=O)NC2C3=CC=CC=C3CSC4=CC=CC=C24)C5=CC=C(C=C5)F
6918289,CC1CCC2CC(C(=CC=CC=CC(CC(C(=O)C(C(C(=CC(C(=O)CC(OC(=O)C3CCCCN3C(=O)C(=O)C1(O2)O)C(C)CC4CCC(C(C4)OC)OC(=O)C(C)(CO)CO)C)C)O)OC)C)C)C)OC
24872560,CNC(=O)C1=C(C=C(C=C1)N2C(=S)N(C(=O)C23CCC3)C4=CC(=C(N=C4)C#N)C(F)(F)F)F
6917715,CCC12CC(=C)C3C(C1CCC2(C#C)O)CCC4=CC(=O)CCC34
10366136,CC1(COC1)COC2=CC3=C(C=C2)N(C=N3)C4=NC5=C(C=CC=C5N6CCC(CC6)N)C=C4
9444,C1=NC(=NC(=O)N1C2C(C(C(O2)CO)O)O)N
2477,C1CCC2(C1)CC(=O)N(C(=O)C2)CCCCN3CCN(CC3)C4=NC=CC=N4
10027278,C1=CC=C2C(=C1)C=CC3=C2C=CC(=C3)C4=CC(=NN4C5=CC=C(C=C5)NC(=O)CN)C(F)(F)F
46239015,CN1C=C(C=N1)C2=C3N=C(C(=C(N3N=C2)N)Br)C4CCCNC4
105115,CC(C=C(C)C=CC(=O)NO)C(=O)C1=CC=C(C=C1)N(C)C
73265302,CC1CC2C3C=C(C4=CC5=C(CC4(C3C(CC2(C1(C(=O)CO)O)C)O)C)C=NN5C6=CC=CC=C6)C
16124726,COC(=O)C1=CC(=C(C=C1)O)NC(=O)COC2=CC=C(C=C2)C34CC5CC(C3)CC(C5)C4
5360696,CN1CCC23CCCCC2C1CC4=C3C=C(C=C4)OC
11740218,CN(CC1CCC2=C(C1C3=CC=CC=C3)C=CC(=C2)OC)CC(=O)O.Cl
216237,CC1=CC=CC=C1C(=O)NC2=CC(=C(C=C2)C(=O)N3CCCC(C4=C3C=CC(=C4)Cl)O)C
5284583,CCC(C(=O)N)N1CCCC1=O
53316140,CC1CC2C3CCC4=CC(=O)C=CC4(C3(C(CC2(C1(C(=O)CO)O)C)O)F)C
1935,C1CCC2=NC3=CC=CC=C3C(=C2C1)N
208902,CCC(=O)NCCC1CCC2=C1C3=C(C=C2)OCC3
11630874,C1=CC(=C(C=C1F)O)C2=CC=C(O2)C=C3C(=O)NC(=O)S3
6337614,C1CC2CN(C(=O)C3=CC=CC(=C23)C1)C4CN5CCC4CC5
57379345,CC1=CC(=C(C=C1C2CCNCC2)OC(C)C)NC3=NC=C(C(=N3)NC4=CC=CC=C4S(=O)(=O)C(C)C)Cl
4030,COC(=O)NC1=NC2=C(N1)C=C(C=C2)C(=O)C3=CC=CC=C3
10184653,CN(C)CC=CC(=O)NC1=C(C=C2C(=C1)C(=NC=N2)NC3=CC(=C(C=C3)F)Cl)OC4CCOC4
441325,CCCCC1=C(C2=CC=CC=C2O1)C(=O)C3=CC(=C(C(=C3)I)OCCN(CC)CC)I.Cl
135398738,CN(C)N=NC1=C(NC=N1)C(=O)N
115355,C1CC(=O)C(C(=O)C1)C(=O)C2=C(C=C(C=C2)C(F)(F)F)[N+](=O)[O-]
105066,CCC12CCCN3C1C4=C(CC3)C5=CC=CC=C5N4C(=C2)C(=O)OCC
443939,CC1C(C(CC(O1)OC2CC(CC3=C2C(=C4C(=C3O)C(=O)C5=C(C4=O)C(=CC=C5)OC)O)(C(=O)CO)O)N)O.Cl
6178111,CC(C)N=C(N)N=C(N)NC1=CC=C(C=C1)Cl
57519533,CC12CCC(CC1=CCC3C2CCC4(C3CC=C4C5=CN=CC=C5)C)O
24776445,CS(=O)(=O)C1=CC(=C(C=C1)C(=O)NC2=CC(=C(C=C2)Cl)C3=CC=CC=N3)Cl
11598628,CN(C1=CC=CC=C1CNC2=NC(=NC=C2C(F)(F)F)NC3=CC4=C(C=C3)NC(=O)C4)S(=O)(=O)C
5833,CC(=O)SC1CC2=CC(=O)CCC2(C3C1C4CCC5(C4(CC3)C)CCC(=O)O5)C
25167777,COC1=C(C=C(C=N1)C2=CC3=C(C=CN=C3C=C2)C4=CN=NC=C4)NS(=O)(=O)C5=C(C=C(C=C5)F)F
2576,CCCC(C)(COC(=O)N)COC(=O)NC(C)C
44551660,COC1=C(C=C2C(=C1)C(=NC=N2)N3C(=NC(=N3)C4=CC=CC=N4)N)OC
16659841,CC1=CC(=NN1)NC2=NC(=NC=C2Cl)NC(C)C3=NC=C(C=N3)F
16750158,CC1=C(C=C(C=C1)C(=O)NC2=CC(=NC=C2)C(F)(F)F)NC3=CC4=C(C=C3)N=CN(C4=O)C
44609510,CC1=NN(C=C1NC2=NC=C(C(=C2)NC3=CC=CC=C3C(=O)NC)C(F)(F)F)C
441300,C1CC1NC2=C3C(=NC(=N2)N)N(C=N3)C4CC(C=C4)CO
6917907,CCC(=CC(C)CC=CC(=CC(C)C(=O)C(C)C(C(C)CC(=CC(=O)O)C)O)C)C=CC1C(C=CC(=O)O1)C
49867926,CC1=C(C=C(C=C1)C(=O)NC2=CC=C(C=C2)S(=O)(=O)NC3=NC4=CC=CC=C4N=C3NC5=CC(=CC(=C5)OC)OC)OC
3038,C1=C(C=C(C(=C1S(=O)(=O)N)Cl)Cl)S(=O)(=O)N
446541,CC1=C2COC(=O)C2=C(C(=C1OC)CC=C(C)CCC(=O)O)O
5577,CN(C)CCOC1=CC=C(C=C1)CNC(=O)C2=CC(=C(C(=C2)OC)OC)OC
148198,C1=CC(=CC=C1OCCCCCCN=C(NC#N)NC2=CC=NC=C2)Cl
11876263,CC12CCC3C(C1CCC2C(=O)COC(=O)C(C)(C)C)CCC4=CC(=O)CCC34C
46244454,CC1COCCN1C2=NC(=NC(=C2)C3(CC3)S(=O)(=O)C)C4=C5C=CNC5=CC=C4
644213,C1=CC=C(C=C1)NC(=O)C2=C(C=CC(=C2)[N+](=O)[O-])Cl
3468,CN(C)C1=CC=C(C=C1)C(=C2C=CC(=[N+](C)C)C=C2)C3=CC=C(C=C3)N(C)C
148124,CC1=C2C(C(=O)C3(C(CC4C(C3C(C(C2(C)C)(CC1OC(=O)C(C(C5=CC=CC=C5)NC(=O)OC(C)(C)C)O)O)OC(=O)C6=CC=CC=C6)(CO4)OC(=O)C)O)C)O
5284613,CC1C(C(C(C(O1)OC2CCC3(C4CCC5(C(CCC5(C4CCC3=C2)O)C6=COC(=O)C=C6)C)C)O)O)O
25033539,CC1=C2C=C(C(=O)N(C2=NC(=N1)N)C3CCC(CC3)OCCO)C4=CN=C(C=C4)OC
132971,CC12CCC(CC1=CCC3C2CCC4(C3CC=C4C5=CN=CC=C5)C)O
46893585,CC(=O)N1CCN(CC1)CCOC2=CC=C(C=C2)C3CCN(CC3)C4=NN5C(=NN=C5C(F)(F)F)CC4
59691338,CC12CCC3C(C1CCC2NC(=O)OCC(F)(F)F)CCC4C3(C=CC(=O)N4C)C
54900,C1CCN(CC1)CCOC2=CC=C(C=C2)C(=O)C3=C(SC4=C3C=CC(=C4)O)C5=CC=C(C=C5)O.Cl
135398744,CCCC1=NN(C2=C1N=C(NC2=O)C3=C(C=CC(=C3)S(=O)(=O)N4CCN(CC4)C)OCC)C
1986,CC(=O)NC1=NN=C(S1)S(=O)(=O)N
68234129,C1CC1C(=O)NC2=NNC3=C2C=CC(=C3)C4=CC(=CC=C4)C(=O)NC5CC5
46244173,CS(=O)(=O)C1(CC1)C2=CC(=NC(=N2)C3=C4C=CNC4=CC=C3)N5CCOCC5
130904,CC(=O)C1(CCC2C1(CC(C3=C4CCC(=O)C=C4CCC23)C5=CC=C(C=C5)N(C)C)C)OC(=O)C
73265327,CC1=C(N=C(N=C1N)C(CC(=O)N)NCC(C(=O)N)N)C(=O)NC(C(C2=CN=CN2)OC3C(C(C(C(O3)CO)O)O)OC4C(C(C(C(O4)CO)O)OC(=O)N)O)C(=O)NC(C)C(C(C)C(=O)NC(C(C)O)C(=O)NCCC5=NC(=CS5)C6=NC(=CS6)C(=O)NCCC[S+](C)C)O
5849,C[N+]1(CCCC1)CCCCC[N+]2(CCCC2)C.C(C(C(=O)[O-])O)(C(=O)O)O.C(C(C(=O)[O-])O)(C(=O)O)O
11717001,C1CC(=NO)C2=C1C=C(C=C2)C3=CN(N=C3C4=CC=NC=C4)CCO
16041424,CC1=CC(=NN1)NC2=CC(=NC(=N2)C=CC3=CC=CC=C3)N4CCN(CC4)C
4011,CNCCCC12CCC(C3=CC=CC=C31)C4=CC=CC=C24
5312137,CN(C)S(=O)(=O)C1=CC2=C(C=C1)NC(=O)C2=CC3=CC4=C(N3)CCCC4
6151,CCC(C)C(C)(COC(=O)N)COC(=O)N
3519,C1=CC(=C(C(=C1)Cl)CC(=O)N=C(N)N)Cl
25022668,C1CCC(C1)C2=C(C=CC(=C2)C3=CNC4=C3C=C(C=N4)C5=CC=CC=C5)C(=O)O
24905142,C1CCC(C1)N2C3=NC=NC(=C3C(=N2)C4=CN=C5C(=C4)C=CN5)N
53248764,CCOC1=C(C=C(C=C1)F)C2(C3=C(C=CC(=C3)Cl)N=C2N)O
5281032,CN1CCN(CC1)CCCN2C3=CC=CC=C3SC4=C2C=C(C=C4)Cl.C(=CC(=O)O)C(=O)O.C(=CC(=O)O)C(=O)O
439693,C1C(C(OC1N2C=NC3=C2NC=NCC3O)CO)O
5311309,CC(C)C1CCC(CC1)C(=O)NC(CC2=CC=CC=C2)C(=O)O
216326,C1CC(=O)NC(=O)C1N2CC3=C(C2=O)C=CC=C3N
50989217,CC1OCC2C(O1)C(C(C(O2)OC3C4COC(=O)C4C(C5=CC6=C(C=C35)OCO6)C7=CC(=C(C(=C7)OC)O)OC)O)O
29112,CCCCCCCCCCOC1=C(C=C2C(=C1)C(=O)C(=CN2)C(=O)OCC)OCC
4197,CC1=C(C=C(C(=O)N1)C#N)C2=CC=NC=C2
